Image ID	Angle
191857.0	0.0611740303650874
191858.0	0.0640126450231579
191859.0	0.14806456140482194
191860.0	0.055706704686150486
191861.0	0.03496665589048205
191862.0	0.2596835195451224
191863.0	0.4873351933612879
191864.0	0.2689414502005808
191865.0	0.06470942214058906
191866.0	0.12908586162169922
415787.0	0.14264280462453194
415788.0	0.10935943625231305
415789.0	0.13063036882024012
415790.0	0.12729161956168525
415791.0	0.1341096178081007
415792.0	0.13718084847795317
415794.0	0.1793789501743611
415795.0	0.14316483135647906
415796.0	0.14917803400204133
415797.0	0.16483154228068683
415798.0	0.158888611333203
415799.0	0.19483225965292264
415800.0	0.16005779813671944
415801.0	0.14782857567691327
415802.0	0.14224835601594726
415803.0	0.16661613392320557
415804.0	0.13306624072512827
415805.0	0.11839655214945072
415806.0	0.17209025376219503
415807.0	0.1738449898767621
415808.0	0.15862709285154064
415809.0	0.18272719077757002
415810.0	0.22883763880779462
415811.0	0.14690763533539603
415812.0	0.14874225414053904
415813.0	0.1803899339249198
415814.0	0.13678673031478977
415815.0	0.12605399491186206
415816.0	0.1448293192782187
415817.0	0.15548245144753417
415818.0	0.17498848472380035
415819.0	0.17904398200944105
415820.0	0.15797729119350074
415821.0	0.10563812844184313
415822.0	0.16900286861328825
415823.0	0.10107742603300823
415824.0	0.09293744143097535
415825.0	0.16609601249102926
415826.0	0.13196226267747585
415827.0	0.15911994460918025
415828.0	0.12321910057399073
415829.0	0.16173467993522808
415831.0	0.1490613017170955
415832.0	0.13675518559013042
415833.0	0.1282903579005513
415834.0	0.1507148001282308
415835.0	0.13362501079918862
415836.0	0.17034277272597628
415837.0	0.1356644020610876
415838.0	0.107628840822772
415839.0	0.07805675964960361
415840.0	0.01737511785143098
415841.0	0.07078094723809443
415842.0	0.021228477683305175
415843.0	0.0459526906238239
415844.0	0.032788502177059295
415845.0	0.13037325891419585
415846.0	0.08401611736006981
415847.0	0.05506108700246665
415848.0	0.021317020668548185
415849.0	0.034400117079527254
415850.0	0.0959640416657271
415851.0	0.07041141485619863
415852.0	0.0920462012698968
415853.0	0.051631605179767774
415854.0	0.06794383946270328
415855.0	0.03891041877806281
415856.0	0.04817047375517141
415857.0	0.04926773546856529
415858.0	0.22972481947914491
415859.0	0.08673878211693628
415860.0	0.05167204360861055
415861.0	0.10598366826865017
415862.0	0.040512521348048135
415864.0	0.06047263137463808
415865.0	0.1230899437203745
415866.0	0.08464479346185609
415867.0	0.14166252256561232
415868.0	0.10696003647955359
415869.0	0.07274572851017154
415870.0	0.08148441776640393
415871.0	0.060977348255335906
415872.0	0.07955137230990117
415873.0	0.050655958699868726
415874.0	0.09902188004676893
415875.0	0.051607368242628016
415876.0	0.03265873678638777
415877.0	0.07423951710350897
415878.0	0.11298164472698417
415879.0	0.05243449918901361
415880.0	0.04993128523937567
415881.0	0.08109779720058734
415882.0	0.02641463089885927
415883.0	0.02854518519227296
415884.0	0.06300809193354626
415885.0	0.05537326461572087
415886.0	0.07442989993535737
463745.0	1.495013324440849
463746.0	1.5169054302650524
463747.0	1.5134588936001248
463748.0	1.4865698914553322
463749.0	1.4854014789012384
463750.0	1.5107747645770757
463751.0	1.5998453916769002
463752.0	1.6152899850752258
463753.0	1.5072791747818133
463754.0	1.481683735216079
463755.0	1.4775242543588145
463756.0	1.3418005570915759
463757.0	1.466573104781689
463758.0	1.5050466311337174
463759.0	1.544306608423274
463760.0	1.550039277998592
463761.0	1.5537407766390958
463762.0	1.476912520530963
463763.0	1.537670155886367
463764.0	1.4620943097032844
463765.0	1.5356316947036006
463766.0	1.4464341151373161
463767.0	1.4906205420092233
463768.0	1.5117137137070578
463769.0	1.460364208677772
463770.0	1.5214915155019084
463771.0	1.4834707383788932
463772.0	1.504392754534492
463773.0	1.4611072624776915
463774.0	1.537624084517294
463775.0	1.479706914424919
463776.0	1.5249014348457743
463777.0	1.4719764842112766
463778.0	1.538013560375148
463779.0	1.4697953114211462
463780.0	1.4958865334965208
463781.0	1.475800559621104
463782.0	1.4454350463481467
463783.0	1.5478114545499777
463784.0	1.4714559564215208
463785.0	1.5161350259893989
463786.0	1.6741038411405451
463787.0	1.460693567651765
463788.0	1.5738223611253062
463789.0	1.4518352477097067
463790.0	1.484682468862172
463791.0	1.4915936162736714
463792.0	1.5839443370834523
463793.0	1.4793026004744456
463794.0	1.5449241337878235
463795.0	1.4026915513705935
463796.0	1.4299733447863459
463797.0	1.3882133580074445
463798.0	1.3688186865742729
463799.0	1.4844455661175302
463800.0	1.3723984631925688
463801.0	1.36772484870493
463802.0	1.3472150531989335
463803.0	1.5011967392650574
463804.0	1.340779228888498
463805.0	1.360211426901155
463806.0	1.4080615268806336
463807.0	1.3616581402062735
463808.0	1.4461500016084647
463809.0	1.4593964645632242
463810.0	1.361853335175035
463811.0	1.4513503284650682
463812.0	1.4487135184614688
463813.0	1.3904631764190294
463814.0	1.4672060645625553
463815.0	1.4158465741485133
463816.0	1.3688692748348983
463817.0	1.4517594457685308
463818.0	1.445621097419613
463819.0	1.3706322131471584
463820.0	1.4383728633465396
463821.0	1.4146565642586302
463822.0	1.3393816395303781
463823.0	1.4137472761481056
463824.0	1.3400451054366096
463825.0	1.4068783638402922
463826.0	1.3719165041844812
463827.0	1.4387664380559924
463828.0	1.3785802801039364
463829.0	1.4537483601742271
463830.0	1.3757124391078048
463831.0	1.4597354491334629
463832.0	1.4291271108059147
463833.0	1.4079091132599266
463834.0	1.438615923896501
463835.0	1.4130363503692644
463836.0	1.35203703751998
463837.0	1.4603120173974928
463838.0	1.470163605469372
463839.0	1.422820077793206
463840.0	1.3595141891913234
463841.0	1.3503732912183803
463842.0	1.48746140934359
463843.0	1.36393057028381
463844.0	1.3903571010168343
428671.0	1.3642951668525638
647873.0	1.492265625596901
647874.0	1.4685356512109988
647875.0	1.578882734747415
647876.0	1.4453741813619807
647877.0	1.471677517384475
647878.0	1.4719031442911317
647879.0	1.4573388160429916
647880.0	1.4752409717621175
647881.0	1.4965769674883354
647882.0	1.3783545930058223
647883.0	1.3416844167995936
647884.0	1.5272153652333815
647885.0	1.5389175852741834
647886.0	1.5702566548666193
647887.0	1.5449721136747798
647888.0	1.4670685779589778
647889.0	1.354331407325995
647890.0	1.4299524334549432
647891.0	1.3694570938834174
647892.0	1.4873928538378969
647893.0	1.5292786204062374
647894.0	1.551054865377874
647895.0	1.5210869288462447
647896.0	1.3997218393524256
647897.0	1.4833915598942695
647898.0	1.4477907073997283
647899.0	1.4304673824481553
647900.0	1.472406446266798
647901.0	1.339155806472476
647902.0	1.5107267467675995
647903.0	1.4692875712049795
647904.0	1.504378889548671
647905.0	1.5250766824318698
647906.0	1.4535187558581961
647907.0	1.5141141998363987
647908.0	1.3549565503760401
647909.0	1.46881224338142
647910.0	1.4606678995388183
647911.0	1.5128085174733394
647912.0	1.51472529232418
647913.0	1.3757301773382116
647914.0	1.3785633566013287
647915.0	1.4344035616076565
647916.0	1.413316454188094
647917.0	1.4839326538641018
647918.0	1.4470548645886823
647919.0	1.5266788410737488
647920.0	1.5279094883486128
647921.0	1.2826109147311318
647922.0	1.2646591496753905
647923.0	1.2957147274315854
647924.0	1.3339663128167274
647925.0	1.1877164269378697
647926.0	1.422344916025048
647927.0	1.4497176794498268
647928.0	1.4330241561289676
647929.0	1.476485802661254
647930.0	1.4112920566747296
647931.0	1.361423382679934
647932.0	1.3241202102139058
647933.0	1.2282412636041093
647934.0	1.2813652897287289
647935.0	1.260962782489589
647936.0	1.4298346016537848
647937.0	1.4491888988700938
647938.0	1.5408880238828575
647939.0	1.5308163063386921
647940.0	1.346104287190185
647941.0	1.157397644527173
647942.0	1.1686820435604846
647943.0	1.4292618107747894
647944.0	1.503843876714334
670660.0	1.4407065570562583
670661.0	1.429101230571074
670662.0	1.4601067742429985
670663.0	1.033562379527649
670664.0	1.3004208931102794
670665.0	1.4790100858866864
670666.0	1.4380837907905177
670668.0	1.497979361522268
670669.0	1.4998839768336507
670670.0	1.417629267362657
670671.0	1.2164779085099784
670672.0	1.2426822392639312
670673.0	1.4889366610922024
670674.0	1.4884880714582498
670675.0	1.393389953833906
670676.0	1.467646305690561
670677.0	1.2101323970095552
670678.0	1.297674049726931
670679.0	1.4538975771068112
670680.0	1.3905632046043659
670681.0	1.4813813979775858
670682.0	1.4838219746394503
670683.0	1.2636920622704244
670684.0	1.370089792705577
670685.0	1.3969015402970917
670686.0	1.3632817805025852
670687.0	1.4001815309096115
670688.0	1.4407417080251577
670689.0	1.3191889985545442
670690.0	1.2844289056489568
670691.0	1.474999271737567
670692.0	1.380018440353128
670693.0	1.4223386721429632
670694.0	1.3841154705293306
670695.0	1.5348355752468559
670696.0	1.377482505089749
670697.0	1.3851124253047598
670698.0	1.4204508242994898
670699.0	1.2904436064078708
670700.0	1.3675334361630251
670701.0	1.4537522543703583
670702.0	1.3934274484056144
670703.0	1.4338895803352198
670704.0	1.4479942997001118
670705.0	1.3648771705426834
670706.0	1.314758930752441
670707.0	1.416428985368456
670708.0	1.3922725320842946
670709.0	1.4142609337762162
670710.0	1.4420869008736052
670711.0	1.4254762466837678
670712.0	1.3340431620949003
670713.0	1.4163882548886917
670714.0	1.403790152689187
670715.0	1.4229827350254542
670716.0	1.376965940626014
670717.0	1.3928300253611423
670718.0	1.439813479828614
670719.0	1.383984745725583
670720.0	1.3713255254905596
670721.0	1.36977214443762
670722.0	1.2877368477590647
670723.0	1.2646735226056696
670724.0	1.4297005436987384
670725.0	1.432645238716163
670726.0	1.4432781390290867
670727.0	1.4398809907070265
670728.0	1.4477479904144863
670729.0	1.47822069068356
670730.0	1.4202617414613936
670731.0	1.5006594704045435
670732.0	1.4381421678173936
670733.0	1.452576449830145
670734.0	1.5038205725965068
670735.0	1.454529214977236
670736.0	1.3826067275445406
670737.0	1.467768428142354
670738.0	1.405474110095082
670739.0	1.39793148763786
670740.0	1.4535467283316668
670741.0	1.4007793824762673
670742.0	1.4575627243165883
670743.0	1.4470306488172178
670744.0	1.445287309951904
670745.0	1.3877548293130517
670746.0	1.3289667111008971
670747.0	1.113915566653307
670749.0	1.4380873173221544
670750.0	1.4635954475072679
670752.0	1.375995880591037
670753.0	1.2783872337244067
670754.0	1.323656582087594
670755.0	1.424581951379139
670756.0	1.4343177886768035
670757.0	1.4794074034646318
670758.0	1.4091196915529176
670759.0	1.3661162367710973
670760.0	1.3916757720238573
670761.0	1.36691291579378
670762.0	1.1951616984970863
670763.0	1.2505308279143392
670764.0	1.466370746310601
670765.0	1.4144317805160416
670766.0	1.3946172194805118
670767.0	1.3283853502385357
670768.0	1.4429614503199408
670769.0	1.257749888187105
670770.0	1.313292616329906
670771.0	1.1923863785950712
670772.0	1.4349513085437482
670773.0	1.36323016516692
670774.0	1.498042826738198
670775.0	1.3558019547053608
670776.0	1.3841043555891595
670777.0	1.2029808522040808
670778.0	1.225276479189049
670779.0	1.2424863285116492
670780.0	1.3886221270232277
670781.0	1.4351841573588968
670782.0	1.420758599440001
670783.0	1.3638606349382674
670784.0	1.3917725042606706
670785.0	1.2448320438816016
670786.0	1.2224376079672963
670788.0	1.4801725224641813
670789.0	1.454088011694348
670790.0	1.4112917117573973
956506.0	1.4397755493330897
956507.0	1.427393878733999
956508.0	1.4204524528691527
956509.0	1.4083942598428643
956510.0	1.4613046918325856
956511.0	1.5039992525264114
956512.0	1.4468778267688116
956513.0	1.5078883626047717
956514.0	1.3821632850133139
956515.0	1.4007219862619098
956516.0	1.3539533119821792
956517.0	1.3296882319827783
956518.0	1.3433097937722407
956519.0	1.4956759898151826
956520.0	1.4106776163396877
956521.0	1.3950285839449799
956522.0	1.384968929685714
956523.0	1.3786788256742155
956524.0	1.370738871132036
956525.0	1.3959425473844715
956526.0	1.3838844519050522
956527.0	1.4190722742315718
956528.0	1.350152548178167
956529.0	1.3299964413557992
956530.0	1.3039626212558046
956531.0	1.276103101790321
956532.0	1.4046948066532778
956533.0	1.4270939408217753
956534.0	1.3605903938157367
956535.0	1.3539899380342784
956536.0	1.2448273640315461
956537.0	1.447317076658274
956538.0	1.3526444822322055
956539.0	1.3983879631442073
956540.0	1.4644209848096865
956541.0	1.383192473650425
956542.0	1.3932029386918041
956543.0	1.3455239088271154
956544.0	1.297714676894542
956545.0	1.3460732468313932
956546.0	1.4267889687422972
956547.0	1.425334439389496
956548.0	1.4471661024121234
956549.0	1.2727281948649825
956550.0	1.3487628859759828
956551.0	1.3404343272311001
956552.0	1.3136234372051658
956553.0	1.2851630961080596
956554.0	1.2346725225051152
956555.0	1.3659548484586412
956557.0	1.4165545491440936
956558.0	1.280271483027371
956559.0	1.2199107522467754
956560.0	1.2949855460496187
956562.0	1.2084728637226725
956563.0	1.3986753698572647
956564.0	1.22989820769961
956565.0	1.2356373945273909
956566.0	1.4832549347972261
956568.0	1.4234414003517772
956569.0	1.4012669224647352
956571.0	1.2333988194161594
956572.0	1.2401011752788784
956573.0	1.296033366014113
956574.0	1.2693476210027077
956575.0	1.2775910504696977
956576.0	1.0807945569551163
956577.0	1.0922058037502294
956578.0	1.085798050884479
956579.0	1.1960023523868517
956580.0	1.2871892214735403
956581.0	1.2784767232061476
956582.0	1.1486891363036567
956583.0	1.3354888541385876
956584.0	1.322772936320384
956586.0	1.323363248087211
956587.0	1.3938077492324037
956588.0	1.267443515104302
956589.0	1.2611626058776777
956590.0	1.1272777790720794
956591.0	1.1461629171305836
956592.0	1.1554903575109863
956593.0	1.3969947219405712
956594.0	1.291457762801686
956595.0	1.3707764226024644
956597.0	1.3164939286137047
956598.0	1.341977450787816
956599.0	1.3300583245615742
956600.0	1.282915214162164
956601.0	1.3879292212313576
956603.0	1.3345500464661018
956604.0	1.2621777199896709
956605.0	1.182175715192983
428672.0	1.4697369755233083
428673.0	1.40704320162847
428674.0	1.2772268500743325
428675.0	1.410200480441323
428676.0	1.4080508459115253
428677.0	1.484275678160551
428678.0	1.449117266295106
428679.0	1.3716636510620197
428680.0	1.4182717923167765
428681.0	1.3892424627117685
428682.0	1.4111693738610773
428683.0	1.3823950315111766
428684.0	1.3589986005541963
428686.0	1.3169193701514073
428687.0	1.4609721381008653
428688.0	1.42008427404955
428689.0	1.475506285977791
428690.0	1.376124993244628
428691.0	1.459710527834747
428692.0	1.404452260808033
428694.0	1.495309261662037
428695.0	1.3700565265857167
428696.0	1.4176253846654314
428697.0	1.4038717863511778
428698.0	1.397634966674191
428699.0	1.4097268374733998
428700.0	1.41603840400669
428701.0	1.4207142387441518
428702.0	1.4914645702570988
428703.0	1.472269078655708
428704.0	1.4153539991725013
428705.0	1.455125385762996
428706.0	1.379955768079985
428707.0	1.4576960799523184
428708.0	1.4131615379703673
428709.0	1.4253207256841725
428710.0	1.427600547765337
428711.0	1.4113884567059418
428712.0	1.508774321246809
428713.0	1.4326050070025764
428714.0	1.3978524419662564
428715.0	1.4647393134095053
428716.0	1.4132801098692538
428717.0	1.4116530566764403
428718.0	1.460562953643574
428719.0	1.3982960867759133
428720.0	1.4471648104912094
428721.0	1.4369954207926217
428722.0	1.411910011143613
428723.0	1.411590754838422
428724.0	1.3951707099000588
428725.0	1.3346492781063246
428726.0	1.3031952859969258
428727.0	1.3671691156268566
428728.0	1.3957372585005174
428729.0	1.3749608298399654
428730.0	1.3415795549624419
428731.0	1.292456921693047
428732.0	1.2646298303736287
428733.0	1.27272417304504
428734.0	1.2423366893903225
428735.0	1.2099644279502706
428736.0	1.1530230149590834
428737.0	1.293169045166694
428738.0	1.3787670395248688
428739.0	1.4138405209620113
428740.0	1.4523258448324246
428741.0	1.5109073885566986
428742.0	1.3525606223444069
428743.0	1.4374964856212855
428744.0	1.5050046080675565
428745.0	1.397938363249173
428746.0	1.4445755778231877
428747.0	1.427144379533672
428748.0	1.3763927659710444
428749.0	1.472321146991325
428750.0	1.4905985753864652
428751.0	1.662819574844375
428752.0	1.6031458503660065
428753.0	1.7080556780044716
428754.0	1.6723974669859267
428755.0	1.5304406209053831
428756.0	1.570481156636325
428757.0	1.5499971746922296
428758.0	1.5678670343903554
428759.0	1.550894375758999
428760.0	1.4711941492791991
428761.0	1.5674552455755741
428762.0	1.4684899393940398
428763.0	1.456893380014905
428764.0	1.3888959805299148
428765.0	1.4430185326719005
428766.0	1.3678427531681236
428767.0	1.384520145439312
428768.0	1.4518463661678263
428769.0	1.3351456105877186
428770.0	1.3800087436869897
428771.0	1.4264494099754241
428772.0	1.3383355903836733
141512.0	0.19057824930605746
141513.0	0.14605562049529194
141514.0	0.1347045801165223
141515.0	0.14286727435469695
141516.0	0.22050950114470436
141517.0	0.11329248921493154
141518.0	0.13262340669433895
141520.0	0.10536689235835507
141521.0	0.08781480524261066
141522.0	0.09380059924752342
141523.0	0.27452929397351533
141524.0	0.1274243718331301
141525.0	0.1351280132015981
141526.0	0.16900925907435319
141527.0	1.3929332846246818
141528.0	0.31172167535119744
141529.0	0.1730939773840671
141530.0	3.0711032630225357
141531.0	0.12421913418972802
141532.0	0.12947708195462115
141533.0	0.21091018803196807
141534.0	0.14630705110044015
141535.0	0.1308726417788555
141536.0	0.14859144783319425
141537.0	0.1640364384989917
141538.0	0.15743989523625126
141539.0	0.1638231606977886
141540.0	0.15607162501968636
141541.0	0.14287741844069826
141542.0	0.1283112815300614
141543.0	0.19210905066964093
141544.0	0.17598289144835685
141545.0	0.12856439283623938
141546.0	0.1328892704753207
141547.0	0.14691818724340094
141548.0	0.18758124715947144
141549.0	0.10304293091016065
141550.0	1.6905228652096183
141551.0	0.13999139327814428
141552.0	0.08282657012606896
141553.0	0.1345146867715948
141554.0	0.11363190325783513
141555.0	0.08869714480334419
141556.0	0.1428814765369867
141557.0	0.1828174006963394
141558.0	0.18450501630996957
141559.0	0.34042498672896926
141560.0	0.13697620946980077
141561.0	0.12918463223755078
141562.0	0.10555842275275241
141563.0	0.0669448065575969
141564.0	0.07626532293974042
141565.0	2.1929230031581537
141566.0	0.05971630983333076
141567.0	0.0587873274942057
141568.0	0.09388974161183597
141569.0	0.08246848772656111
141570.0	0.1066707697390262
141571.0	0.07809748045132957
141572.0	0.08277610310687815
141573.0	0.05511427023135675
141574.0	0.047702278376024046
141575.0	0.07199023047926208
141576.0	0.06329395112218224
141577.0	0.051455954977473885
141578.0	0.07478686200571875
141579.0	0.10124733110740236
141580.0	0.11503713383474187
141581.0	0.09690461996070532
141582.0	0.06934089304281625
141583.0	0.09136584916712394
141584.0	0.08907065141263887
141585.0	1.7547170796617342
141586.0	0.08445136585398748
141587.0	0.09536386933956499
141588.0	0.0947239369093438
141589.0	0.06478619572450436
141590.0	0.08018763767550137
141591.0	0.052342440651113015
141592.0	0.0794703279059568
141593.0	0.22292626961916878
141594.0	0.0948319404677223
141595.0	0.07433288400385259
141596.0	0.12861004717858626
141597.0	0.07642160455427073
141598.0	0.16027817474867262
141599.0	0.09190893463834672
141600.0	0.11801071950409305
141601.0	0.11040181432543164
141602.0	0.1213306459980149
141603.0	0.08654615417217118
141604.0	0.08650925946643032
141605.0	0.17693019851182012
141606.0	0.0841853209025196
141607.0	0.14881742912641902
141608.0	0.11525572175088115
141609.0	0.14716431846420386
141610.0	0.0822608165783102
141611.0	0.13006729899015715
141612.0	0.091791442545094
272314.0	1.5165117600585594
272315.0	1.4857282726959848
272316.0	1.4981557436538904
272317.0	1.5703777880572705
272318.0	1.5484795705921075
272319.0	1.5659759009458238
272320.0	1.5032204082583522
272321.0	1.5662428631548193
272322.0	1.578717226619224
272323.0	1.5706625029928845
272324.0	1.5924951059492507
272325.0	1.6106683661553456
272326.0	1.5586098521974339
293679.0	1.5461529717240257
293680.0	1.580316558971011
293681.0	1.5839813584651943
293682.0	1.6592428395060963
293683.0	1.532023945244897
293684.0	1.531030747882325
293685.0	1.5556712202792056
293686.0	1.5969436668096757
293687.0	1.586939602839893
293688.0	1.609957243444154
293689.0	1.5373484756137794
293690.0	1.5392177294137113
293691.0	1.551631712593066
293692.0	1.5622207206365584
293693.0	1.5986280638867023
293694.0	1.6364514759050044
293695.0	1.6348489974772278
293696.0	1.6128011853179176
293697.0	1.473098771360692
293698.0	1.5115419428724506
293700.0	1.5304317957125357
293701.0	1.5404772676388203
293702.0	1.5804987391331486
293703.0	1.544590876103061
293704.0	1.5636585082339947
293705.0	1.5733145501760275
293706.0	1.568239905789279
293707.0	1.574685446528463
293708.0	1.609406475337821
293709.0	1.6095025715579858
293710.0	1.6480577321571266
293711.0	1.6117471369401324
293712.0	1.527045541670716
293713.0	1.5022017145801347
293714.0	1.5120721379524484
293716.0	1.626848298273035
293717.0	1.5630745399069705
293718.0	1.390299481572618
293719.0	1.4216127552400624
293720.0	1.6104997662177898
293721.0	1.426301219718312
293722.0	1.4841474038608273
293723.0	1.4923152871190168
293724.0	1.4472619044954098
293725.0	1.4679810128024133
293726.0	1.4055902775044986
293727.0	1.391208651833506
293728.0	1.3962959499625658
293729.0	1.4171239147483243
293730.0	1.4329426573080881
293731.0	1.576872970986291
293732.0	1.4974251553237734
293733.0	1.5050137155538268
293734.0	1.4959997749414582
293735.0	1.4744215065312938
293736.0	1.4216287522965694
293737.0	1.4199486444441514
293738.0	1.5012809020095366
293739.0	1.4201886412430609
293740.0	1.4997098762844798
293741.0	1.4117866855736043
293742.0	1.522170135334174
293743.0	1.4339081342200368
293744.0	1.4429256314213108
293745.0	1.4099048883486458
293746.0	1.3998925873754464
293747.0	1.4175074058868171
293748.0	1.4410655565751838
293749.0	1.4347842638680575
293750.0	1.5028543885957906
293751.0	1.3600112719544128
293752.0	1.413580077155472
293753.0	1.5135984039585197
293754.0	1.4539360680756481
849149.0	1.515549351994096
849150.0	1.3485804571170104
849151.0	1.4374424950830784
849152.0	1.3538188628002519
849153.0	1.424091897869894
849154.0	1.4981802768559964
849155.0	1.4159099390137202
849156.0	1.4750978051508865
849157.0	1.4195561486487578
849158.0	1.4861253104546535
849159.0	1.5245434410443561
849160.0	1.4057200672263246
849161.0	1.4151853922195858
112528.0	1.4641313388462858
112529.0	1.5373718295309287
112530.0	1.4670273165071996
112531.0	1.5526542457715105
112532.0	1.5456091901320452
112533.0	1.5733289209701569
112534.0	1.6057594857276523
112535.0	1.6400538421916826
112536.0	1.5471642436299151
112537.0	1.5287284053385934
112538.0	1.5263719986018551
112539.0	1.4774806854592706
112540.0	1.4724295711390885
112541.0	1.5116135842850154
112542.0	1.5122075626587934
187014.0	1.4338465188767162
187015.0	1.4882715981693209
187016.0	1.4634160694442866
187017.0	1.4479508677222603
187018.0	1.3723840614777747
187019.0	1.317259268977519
187020.0	1.369954189539035
187021.0	1.339766096721527
187022.0	1.4277292306402698
187023.0	1.382889190649844
187024.0	1.4725686352578156
187025.0	1.4779703077097641
187026.0	1.4391003120412067
187027.0	1.4599878657424685
187028.0	1.4596091866293
187029.0	1.4067007610896827
187030.0	1.4125758987948691
187031.0	1.4044920461341066
187032.0	1.3524493968979852
187033.0	1.417696238088124
187034.0	1.4790359764223358
187035.0	1.4002508584043254
187036.0	1.5809621469910675
187037.0	1.5008738632635754
187038.0	1.4842735030690175
187039.0	1.3749770419763385
187040.0	1.4217873359523396
187041.0	1.522387083757411
187042.0	1.4434167738731165
187043.0	1.5010024011634648
187044.0	1.6060468504663719
187045.0	1.6066346834770573
187046.0	1.5470582080645334
187047.0	1.5027375310193953
187048.0	1.5327667725522194
187049.0	1.5476977350963506
187050.0	1.5270964505492595
187051.0	1.4240746229969026
187052.0	1.4955819079358335
187053.0	1.600164772942408
187054.0	1.563122402429263
187055.0	1.5150547853656513
187056.0	1.456277007758974
187057.0	1.2992554721978682
187058.0	1.2839590408337906
187059.0	1.367191489986368
187060.0	1.3109693675144718
187061.0	1.6561385094157957
187062.0	1.663667003266066
187063.0	1.630199414510226
187064.0	1.641870870470062
187065.0	1.539307747095833
187066.0	1.4481532099752734
187067.0	1.5256336623495002
187068.0	1.5012882627180548
187069.0	1.553833192282802
187070.0	1.5708593592174158
187071.0	1.5613990426137223
187072.0	1.5831264408058747
187073.0	1.555694216457205
187074.0	1.5674887559735178
187075.0	1.594951145444684
187076.0	1.6013293540994458
187077.0	1.4836652243541852
187078.0	1.5309774893859742
187079.0	1.4821043856455052
187080.0	1.5460784929858027
187081.0	1.4823536961660313
187082.0	1.5104952449284066
187083.0	1.5064780584052782
187084.0	1.462993762743589
187085.0	1.4361976927876592
187086.0	1.426051736564738
187087.0	1.4580817798263837
187089.0	1.394398179142152
187090.0	1.5782636072501817
187091.0	1.5315648077321506
187092.0	1.4738765984316222
187093.0	1.4875344376223605
187094.0	1.4089508025735198
187095.0	1.4961384705317018
187096.0	1.5200652855804535
187097.0	1.4557164880664761
187098.0	1.509609686286602
187099.0	1.3154804452732343
187100.0	1.4941023937803968
187101.0	1.5193944026175659
187102.0	1.4016780822743116
187103.0	1.4136875802181554
187104.0	1.6019617853493038
187105.0	1.5149162576583879
187106.0	1.5179934791688023
187107.0	1.3166172468239952
187108.0	1.5039067726028743
187109.0	1.5161286548354878
187110.0	1.4480462212205707
187111.0	1.5004109417460714
187113.0	1.4758712329891484
187114.0	1.5182892303433801
187115.0	1.4650579320540762
187116.0	1.4633015170616681
187117.0	1.440473913145936
187118.0	1.43107167492747
187119.0	1.4650956735332346
187120.0	1.5623603501195384
187121.0	1.4564025728642545
187122.0	1.5009120664574442
187123.0	1.4062950928885596
187124.0	1.5316403295967596
187125.0	1.43294918044497
187126.0	1.47756923596977
187127.0	1.484099965262543
187128.0	1.5507645424948993
187129.0	1.6060661586691476
187130.0	1.5540143134978635
187131.0	1.5385598478757492
187132.0	1.4374954743802106
187133.0	1.5498472091865758
187134.0	1.468159694448132
187135.0	1.4421946898442135
199721.0	1.5844961573894198
199722.0	1.589040255317393
199723.0	1.5682516264267963
199724.0	1.5510656445095594
199725.0	1.6328096447035922
199726.0	1.480360358289239
199727.0	1.4890306227222947
199728.0	1.639578716780052
199729.0	1.573258721878689
199730.0	1.5385658997949034
199731.0	1.5493907766267312
199732.0	1.4735673799670157
199733.0	1.456056248714487
199734.0	1.5672198702446856
199735.0	1.5556576590829283
199736.0	1.6067096269657624
199737.0	1.5764199933486827
199738.0	1.5668711538222775
199739.0	1.4474642977874634
199740.0	1.447741221226034
199741.0	1.4954087135307126
199742.0	1.4062747893065686
199743.0	1.4538019241370352
199744.0	1.4625156489820517
199745.0	1.4341633179834459
199746.0	1.514373272653161
199747.0	1.5096061987489358
199748.0	1.4834669176082467
199749.0	1.369092362153804
199750.0	1.369523270684764
199751.0	1.3974636404473504
199752.0	1.437180831378954
199753.0	1.4522349369512058
199754.0	1.447807490607662
199755.0	1.3264277682780339
199756.0	1.5364159928721643
199757.0	1.5262142613565046
199758.0	1.4670433863561383
199759.0	1.3359594420206675
199760.0	1.433027408778835
199761.0	1.4023536844414635
199762.0	1.403677339021651
199763.0	1.3212717623850259
199764.0	1.4224204757045542
199765.0	1.4229178850355058
199766.0	1.413522798266843
199767.0	1.3834955158377151
199768.0	1.3532075863959743
339387.0	1.5626935180696668
339388.0	1.507355112931673
339389.0	1.5428023852115695
339390.0	1.534611422880612
339391.0	1.4762459734585447
339392.0	1.4503742081652804
339393.0	1.4642985251550122
339394.0	1.5639286831817663
339395.0	1.5683922893659963
339396.0	1.5394044892332766
339397.0	1.4964384767907333
339398.0	1.461243699227178
339399.0	1.498137081928154
339400.0	1.4711307765402455
339401.0	1.4732646962085099
339402.0	1.5470981967918516
339403.0	1.52993569659637
339404.0	1.4858857433066892
573535.0	0.04192510941988289
573536.0	0.10993594910340443
573537.0	0.10865063930586412
573538.0	0.11900637649292067
573539.0	0.05217241346024457
573540.0	0.1337751553350565
573541.0	1.5659286306883882
573542.0	0.15866754016572474
573543.0	0.1380288269014433
573544.0	0.13424949780724948
573545.0	0.16052731779097346
573546.0	0.13587099253052437
573547.0	0.1152902919266192
573548.0	0.04466524283474391
573549.0	0.16417659323048914
573550.0	0.14485772633262595
573551.0	0.14718317198349334
573552.0	0.06033674030914009
573553.0	0.5366803467242169
573554.0	0.16795652582266513
573555.0	0.09515098891982109
573556.0	0.07368009725015391
573557.0	0.07521558010703468
573558.0	0.39452563249386136
573559.0	0.09205139144962521
573560.0	0.08437522560809745
573562.0	1.5150660478634659
573563.0	2.30282259481186
573564.0	0.10029232673631813
573565.0	0.09397663460217624
573566.0	0.05865768455733978
573567.0	0.24028947458843827
573568.0	0.16261431247503685
573569.0	0.18526097558987448
573570.0	0.15576300780841507
573571.0	0.148354090172494
573572.0	0.25281542362893555
573573.0	0.2018056720787335
573574.0	0.18551716918481959
573575.0	0.13076816279952203
573576.0	0.12791524228165413
573577.0	0.07894150002293492
573578.0	0.19365408503174644
573579.0	0.0481811880014783
573580.0	0.09641371377705957
573581.0	0.26045364504089424
573582.0	0.24665612472912418
573583.0	0.1856187719279911
573584.0	0.19245432878635002
573585.0	0.09029737258234304
573587.0	0.07325468532995671
573588.0	0.10523477858209551
573589.0	0.06211311240068025
573590.0	0.14312147928860167
573591.0	0.04224293075479696
573592.0	0.06822587621868083
573593.0	0.10497690650328288
573594.0	0.1352272307965476
573595.0	0.15349899242078868
573596.0	0.09581293398919562
573597.0	0.11455838549184698
573598.0	0.06603138108095095
573599.0	0.05992208079422311
573600.0	0.0638879093154512
573602.0	0.10077300219807205
573603.0	0.1201423304761377
573604.0	0.06181118259438413
573605.0	0.05173486950017659
573606.0	0.052753109994064046
573607.0	0.0510064366277785
573608.0	0.13611967894899119
573609.0	0.1306808326544581
573610.0	0.1714515864597025
573611.0	0.13675894380943673
573612.0	0.11153970149973022
573613.0	0.1030566192171819
573614.0	0.08100398694931195
573615.0	0.07964758839325
573616.0	0.1123999865026444
573617.0	0.1073033269645194
573618.0	0.11366451426175819
573619.0	0.13095993598533137
573620.0	0.07642131333212202
573621.0	0.12727934393400564
573622.0	0.10085591602709125
573623.0	0.12391788866366138
573624.0	0.16967531974050912
573625.0	0.14499758832150456
573626.0	0.16114639178474827
573627.0	0.07048010900500333
573628.0	0.24263672781999193
573629.0	0.20402467985553926
573630.0	0.12153533425724056
573631.0	0.23023080224005096
573632.0	0.12191926803651265
573633.0	0.12345708015945185
573634.0	0.10168175045888149
573635.0	0.11836581706674565
223599.0	1.4717799962868738
223600.0	1.4230338981704986
223601.0	1.540873552684791
223602.0	1.4543725990245684
223603.0	1.4489701556101156
223604.0	1.4497791317882833
223605.0	1.4549866363632196
223606.0	1.4726214099194443
223607.0	1.4374802604463852
223608.0	1.4149407088244972
223609.0	1.4149278908960679
223610.0	1.4637833603639907
223611.0	1.3801563957854173
223612.0	1.4717747055899977
223613.0	1.3872812436499686
223614.0	1.4714319667860325
223615.0	1.3878851710235063
223616.0	1.4579591321874084
223617.0	1.4858628934965956
223618.0	1.462252673205805
223619.0	1.4316865806354266
223620.0	1.4798962911029336
223621.0	1.395142597811526
223622.0	1.4628885196338153
223623.0	1.3512331863559532
223624.0	1.4886408191910638
223625.0	1.4412241576998286
223626.0	1.50559394338491
223627.0	1.3927534781197803
223628.0	1.398279976968254
223629.0	1.4749764209142417
223630.0	1.4328336530370218
223631.0	1.4001888782060048
223632.0	1.445130383007951
223633.0	1.4483365047905878
223634.0	1.3872982924087047
223635.0	1.3667536583986708
223636.0	1.4298946419620508
223637.0	1.4354564202516045
223638.0	1.3788406266466042
223639.0	1.373403815358261
223640.0	1.4123873272104452
223641.0	1.3968206016149323
223642.0	1.314715837564761
223643.0	1.2871395828758756
223644.0	1.3401154202690229
223645.0	1.314219254418791
223646.0	1.3120410806549745
223647.0	1.345322225037169
223648.0	1.4033665224153717
223649.0	1.4692954497522597
223650.0	1.4976365241376066
223651.0	1.4917192525175145
223652.0	1.5448610543108319
223653.0	1.541588456327598
223654.0	1.5689951708962746
223655.0	1.5853784199189327
223656.0	1.5903442315634704
223657.0	1.5587941063154918
223658.0	1.5086356853234384
223659.0	1.4552580570182796
223660.0	1.4850382763595484
223661.0	1.5328169731160326
223662.0	1.499675849822285
223663.0	1.5843960175290162
223664.0	1.4909902180547867
223665.0	1.48245024998203
223666.0	1.4894741666690008
223668.0	1.5035316755364503
223669.0	1.5291839388476536
223670.0	1.6427782694627033
223671.0	1.5088453516248774
223672.0	1.494063627936423
223673.0	1.5409513500741274
223674.0	1.4659956798209886
223675.0	1.5956550407078696
223676.0	1.5104052247795376
223677.0	1.513806270171175
223678.0	1.4610928582922265
223679.0	1.483289055079931
223680.0	1.5860312395129388
223681.0	1.5062895908566003
223682.0	1.4585925659162324
223683.0	1.4685292487184674
223684.0	1.470061568036812
223685.0	1.517597779993226
223686.0	1.6143761819757174
223687.0	1.535298019550561
223688.0	1.4733438793211133
223689.0	1.4840652967695243
223690.0	1.6231488827290046
223691.0	1.4772643740224964
223692.0	1.619663135759945
223693.0	1.5410816576879942
223694.0	1.5295975063718883
223695.0	1.5916990253076404
223696.0	1.5239787744782787
223697.0	1.6139254052273133
223698.0	1.497758871338543
223699.0	1.586620949108879
586562.0	0.12802768336769668
586563.0	0.08474789530924745
586564.0	0.13340679159437588
586565.0	0.17952194624259418
586566.0	0.098874621433009
586567.0	0.18118736770832175
586568.0	0.16511830740526964
586569.0	0.08814561741472897
586570.0	0.13025189919526678
586571.0	0.14695179275039233
586572.0	0.6051065570989262
586573.0	0.08713624166882956
586574.0	1.5233346165543156
586575.0	0.08035819661528676
586576.0	0.16130768359201328
586577.0	0.251983817428582
586578.0	0.14062653365192807
586579.0	0.5183737221690923
586580.0	0.2962615811903197
586581.0	0.10005201537944527
586582.0	0.13229115244910924
586583.0	0.06910121278213298
586584.0	1.3936702963853793
586585.0	0.6034445895887991
586586.0	0.23203404475333628
586587.0	0.09386881547163727
586588.0	0.05549416517394646
586589.0	0.06976018591759639
586590.0	0.11982446487055025
586591.0	0.13701230657451785
586592.0	0.17850092269670223
586593.0	0.37042471768128993
586594.0	0.2055262889236815
586595.0	0.07862738409014985
586596.0	0.15417691026638955
586597.0	2.4332237632372955
586598.0	0.9265183549039409
586599.0	0.5806014145816594
586600.0	0.14462839478021614
586601.0	0.1878556243809026
586602.0	0.1334086927412013
586603.0	0.09513980238870631
586604.0	0.09552714599461355
586605.0	0.11550478820658124
586606.0	0.08078216032824956
586607.0	0.301255829950602
586608.0	1.0507457662548818
586609.0	0.03411643900458199
586610.0	0.12728639923843024
586611.0	0.5577825675983598
586612.0	0.029218992256478043
586613.0	0.09682697772033134
586614.0	0.17212421932806898
586615.0	0.02558701842987025
586616.0	0.3956924007176675
586617.0	0.18009071455608178
586618.0	1.059404624482673
586619.0	0.07568473715734605
586620.0	0.604148176498001
586621.0	0.09567956809533429
586622.0	0.06956601637384957
586623.0	0.07244850343411506
586624.0	0.38343760166965696
586625.0	0.1089824969369956
586626.0	0.08983803436835809
586627.0	0.04365359135565093
586628.0	0.05037949195530089
586629.0	0.07980413583554853
586630.0	0.0831470054836316
586631.0	0.09566666082172971
586632.0	0.10042495334863626
586633.0	0.0669342882436433
586634.0	0.12465894075046438
586635.0	0.10183458090038834
586636.0	0.11529233706833715
586637.0	0.5087088583003954
586638.0	0.08482315505167984
586639.0	0.10149102218078435
586640.0	0.08817913214212522
586641.0	0.08415636246719542
586642.0	0.0654434455483914
586643.0	0.0685992461679053
586644.0	0.05941583870714117
586645.0	0.5380576183398348
586646.0	0.05790326644323796
586647.0	2.226248185371086
586648.0	0.06829025492550424
586649.0	0.029377020467885824
586650.0	0.10361772373048826
586651.0	0.23886659720142112
586652.0	2.9309785050108936
586653.0	0.08604886917502806
586654.0	0.0627082618910857
586655.0	2.0344673992643116
586656.0	0.06991074870126741
586657.0	0.13046657633665484
586658.0	0.06551055983005867
586659.0	0.08909125042666599
586660.0	0.06521463675468879
586661.0	0.08835956305216996
936157.0	0.11193231715586845
936159.0	0.0945629067035119
936160.0	0.1271862272803033
936161.0	0.1179468186920065
936162.0	0.12967956624277627
936163.0	0.3428257244237779
936164.0	0.1761663776490991
936165.0	0.11234961470052984
936166.0	0.14497995480169396
936167.0	0.15074781437760854
936168.0	0.11145882175233651
936169.0	0.14513373075823024
936170.0	0.1531607503536503
936171.0	0.926823187856527
936172.0	0.1109330859438446
936173.0	0.100887205987271
936174.0	0.10741490405816674
936175.0	0.11749163595538942
936176.0	0.1430164063167895
936177.0	0.12039901120246586
936178.0	0.11359232319083806
936179.0	0.11602343933893657
936180.0	0.13383649891169017
936181.0	0.11694064910611707
936182.0	0.1362307613524487
936183.0	0.11252257672377072
936184.0	0.1912806698792334
936185.0	0.1378640662554831
936186.0	0.10340573924556345
936187.0	0.11604955902988992
936188.0	3.0464814655907713
936189.0	0.5729613017565122
936190.0	0.20191782362129998
936191.0	0.10457950993408911
936192.0	0.11480396148508723
936193.0	0.09110691688661415
936194.0	2.1445958948990884
936195.0	0.18083461274126786
936196.0	0.10547484653796822
936197.0	0.15723513271914738
936198.0	0.20626658736685566
936199.0	0.10634022336349029
936200.0	0.11476575327145634
936201.0	0.10919189751312174
936202.0	0.12201892878133719
936203.0	1.2221151218022428
936204.0	0.16313631243736673
936205.0	0.15960488575587045
936206.0	0.10970882357010144
936207.0	0.11865889975412487
936208.0	0.5004162571377002
936209.0	0.16596430661733247
936210.0	0.09869792754051526
936211.0	0.08677086044810883
936212.0	1.8051735603300219
936213.0	0.09209928716973415
936214.0	0.10401829615330999
936215.0	1.070351674047987
936216.0	0.07713476067277696
936217.0	0.08113702542435768
936218.0	0.11769635367352799
936219.0	0.1208261889884875
936220.0	0.0829071216674929
936221.0	0.10263494936056967
936222.0	0.08746357293991137
936223.0	2.2608908052843875
936224.0	0.08473218182814604
936225.0	0.0617285302325557
936226.0	0.09117766250916308
936227.0	0.14870817459249336
936228.0	0.12551668859452556
936229.0	0.12468507972895404
936230.0	0.12191398389547539
936231.0	0.09470455257159155
936232.0	0.16010051036240924
936233.0	0.12672050738690607
936234.0	0.08607744891306718
936235.0	0.09741334564471828
936236.0	0.12363470796470531
936237.0	1.3876144862490478
936238.0	2.093894195678469
936239.0	0.09455656470830892
936240.0	0.06208776196727606
936241.0	0.07173195978755026
936242.0	0.6958724314112577
936243.0	0.2681007469937692
936244.0	2.663775945004205
936245.0	0.19731018519018573
936246.0	0.3518302032938643
936247.0	0.5994935899685269
936248.0	0.1184075210020877
936249.0	0.10980576585272325
936250.0	0.106015139670337
936251.0	0.09161584290029921
936252.0	0.19043161194626215
936253.0	0.09379524239456795
936254.0	1.2335357996924505
936255.0	0.2791708440591357
936256.0	0.1491971661614764
936257.0	0.29314964517335396
105193.0	1.5632528498633713
105194.0	1.5380851950385521
105195.0	1.420298394676992
105196.0	1.4651368089144536
105197.0	1.477133801885376
105198.0	1.5612677717198715
105199.0	1.4252913060225454
105200.0	1.524407087813557
105201.0	1.482177837411244
105202.0	1.3869029352388942
105203.0	1.3834745897067953
105204.0	1.5404031714528454
105205.0	1.584063670529511
105206.0	1.4828690807018767
105207.0	1.4647152637292915
143485.0	1.445973575470233
143486.0	1.4546390092373933
143487.0	1.4567301584242305
143488.0	1.4445161259896102
143489.0	1.5033201611845552
143490.0	1.5667663082643055
143491.0	1.5830395909351591
143492.0	1.549733086843695
143493.0	1.542454739042992
143494.0	1.568419052313387
143495.0	1.506907860840424
143496.0	1.515752276048179
143497.0	1.5601035009394886
143498.0	1.585744754515127
143499.0	1.6480120552990105
143500.0	1.554354990049603
143501.0	1.618660389556746
143502.0	1.5591105997315298
143503.0	1.5112326986193467
143504.0	1.5342894292242977
143505.0	1.5489001930983528
143506.0	1.6051982645720455
143507.0	1.520762928115006
143508.0	1.5538750056096837
143509.0	1.5370518081246187
143510.0	1.5357000291929415
143511.0	1.5243192419810534
143512.0	1.5644556328442794
143513.0	1.5649895048328104
143514.0	1.6425395261153362
143515.0	1.61981475448847
143516.0	1.5804013969836166
143517.0	1.6465377888903885
143518.0	1.5942258919745695
143519.0	1.5307822519720022
143521.0	1.4991933407664153
143522.0	1.5593360141979202
143523.0	1.6263631879941207
143524.0	1.5554911101442235
143525.0	1.5194729013962291
143526.0	1.5051930559431832
143527.0	1.480430970226325
143528.0	1.5666485859498411
143529.0	1.4990778491169199
143530.0	1.523020228259895
143531.0	1.4543859530014915
143532.0	1.5433913493002487
143533.0	1.5297398061649377
143534.0	1.6187438138507555
143535.0	1.5628343572008636
143536.0	1.4906096687874533
143537.0	1.4553177951739218
143538.0	1.3640555336181168
143539.0	1.4518650340984005
143540.0	1.510455611749501
143541.0	1.586369006782663
143542.0	1.4712970273790857
143543.0	1.5417276616769449
143544.0	1.4853359353032487
143545.0	1.5034885207492976
143546.0	1.453675935060823
143547.0	1.5073881877612318
143548.0	1.5211149624849145
143549.0	1.5223037289516292
143550.0	1.4538076596748783
143551.0	1.5248089061830055
143552.0	1.506419767468654
143553.0	1.4413111536417362
143554.0	1.5452923527601037
143555.0	1.54252393913236
143556.0	1.5385867372927715
143557.0	1.4548363605048313
143558.0	1.480303384063925
143559.0	1.5718617806505917
143560.0	1.488168772339413
143561.0	1.5131620646035273
143562.0	1.5022317334025643
143563.0	1.601038475002675
143564.0	1.5069932658856355
143565.0	1.4436315383627756
143566.0	1.5087252460385678
143567.0	1.498935581763955
143568.0	1.537005342398351
143569.0	1.4898825698000582
143570.0	1.4034036136531907
267787.0	1.8437945759011882
267788.0	0.10086981470993779
267789.0	0.12150492644729644
267790.0	0.06285201782187735
267791.0	0.11349042406198326
267792.0	0.1825988573957282
267793.0	0.08829343719206517
267794.0	0.15829264022575484
267795.0	0.1194711504120139
267796.0	0.26169577442730574
267797.0	0.23385270857987372
267798.0	0.085338818772645
267799.0	0.06844428355854223
267800.0	0.1314146612125311
267801.0	0.16720348838386434
267802.0	0.07928633239436259
267803.0	0.34044733351961093
267804.0	0.11894937172973188
267805.0	0.1159055641530205
267806.0	0.12980873855447636
267807.0	0.06886121426122767
267808.0	0.1194263887552834
267809.0	0.11610101624092198
267810.0	0.12452172926140345
267811.0	0.1024311849711582
267812.0	0.3208531335707806
267813.0	0.07379509994479931
267814.0	0.19026426333190086
267815.0	0.1492936895884898
267816.0	2.1089847339363725
267817.0	0.10345218683728749
267818.0	0.21990781675622453
267819.0	0.06785540604108013
267820.0	0.1816478768662908
267821.0	0.08802898783368877
267822.0	0.21251519865851579
267823.0	0.07406580582671474
267824.0	1.6593117050900623
267825.0	0.055719904129982574
267826.0	0.10500330094024554
267827.0	0.12091772204514689
267828.0	0.2196123158572731
267829.0	0.1277277484973954
754827.0	0.051967767598962794
754828.0	0.12721640114466629
754829.0	0.14404977544793685
754830.0	0.05442148151680068
754831.0	0.08063975534649497
754832.0	0.07550893973222726
754833.0	0.08053008586349444
754835.0	0.10600849715525709
754836.0	0.07024535158008034
754837.0	0.2011413263693043
754838.0	0.13185679330426817
754839.0	0.09980353530113958
754840.0	0.1165945662429778
754841.0	0.09910272668549173
754842.0	0.03781599228243642
754843.0	0.07258647766794898
754844.0	0.1143520221997142
754845.0	0.13601654205055305
754846.0	0.09713115394827143
754847.0	0.06441156675350566
754848.0	0.03893126675705082
754849.0	0.0917948776906828
754850.0	0.3670803253458146
754851.0	0.2035057208084293
754852.0	0.08675646101345849
754853.0	0.05368096734903731
754854.0	0.0871872423822694
754855.0	0.049656430624354105
754856.0	0.0755037171504367
754857.0	0.31997691778420917
754858.0	0.4885133994073556
754859.0	0.06789708282295122
754860.0	0.08811971680467973
754861.0	0.06076240037293005
754862.0	0.08759354480311116
754863.0	0.19669103122659057
754864.0	0.23706619322648761
754865.0	0.1384033692941141
754866.0	0.048627936443613545
754867.0	0.10016943082674867
754868.0	1.6724063613681892
754869.0	0.17734432978210832
754870.0	0.12005223205720006
754871.0	0.06088382299270396
754872.0	0.09796151265094274
754873.0	0.07623751176817985
754874.0	0.1574505542640406
754875.0	0.10665648582253874
754876.0	0.07047826458164613
754877.0	0.08449772031428991
754878.0	0.3365708960965268
754879.0	2.3567693417408515
754880.0	0.13451868883565885
754881.0	0.11583970607452347
754882.0	0.09466113650346328
156649.0	0.06545375184680055
156650.0	0.07257720984411728
156651.0	0.10946575611103466
156652.0	0.08938645867692696
156653.0	0.08263956515886424
156654.0	0.09326474100715398
156655.0	0.11751274773192269
156656.0	0.09438952694558395
156657.0	0.11698326649868226
156658.0	0.13772088439096092
156659.0	0.11478723932095754
156660.0	0.12382899273614838
156661.0	0.08552067801451603
156662.0	0.11736838909343442
156663.0	0.09658039530625197
156664.0	0.10953059446622446
156665.0	0.12760737236440076
156666.0	0.19670382923978003
156667.0	0.08690750326050752
156668.0	0.08426527670107621
156669.0	0.11061795402267541
156670.0	0.0914880624860267
156671.0	0.10587234670126615
156672.0	0.14360218753335427
156673.0	0.1083632442311185
156674.0	0.11371479200850425
156675.0	0.09573576775532144
156676.0	0.145827171255835
156677.0	0.13973593800602055
156678.0	0.09480662023041869
156679.0	0.08501956836612405
156680.0	0.11785666425027554
156681.0	0.14437246387101846
156682.0	0.06293104335173236
156683.0	0.16852311299652595
156684.0	0.3072846512548315
156685.0	0.10301097028464302
156686.0	1.8390541954323403
156687.0	0.11561184681824258
156688.0	0.11990873671224699
156689.0	0.3557814862697114
156690.0	0.05964613715803409
156691.0	0.11513658040652185
156692.0	0.06619227464264482
156693.0	0.0718624849105453
156694.0	0.11057364142826097
156695.0	0.5792148722126192
156696.0	0.09800419544774466
156697.0	0.13995103613808735
156698.0	0.09719578694306308
156699.0	0.09560903525683118
156700.0	0.06229496151458815
156701.0	0.0663905540041466
156702.0	0.1056000513280036
156703.0	0.13970827609910394
156704.0	0.13092991842065288
156705.0	0.1539173932296623
156706.0	0.13775101545061838
156707.0	0.13736597764897762
156708.0	0.18856023708279146
156709.0	0.1443794719019122
156710.0	0.10052742633266372
156711.0	0.10714409885277672
156712.0	0.13106295068058058
156713.0	0.12981249811308648
156714.0	0.09890369333015125
156715.0	0.09099274478727513
156716.0	0.12994201944768624
156717.0	0.12627153303569383
156718.0	0.11736341222200265
156719.0	0.0880795563858855
156720.0	0.14577171842799377
156721.0	0.0957248331202463
156722.0	0.05340648749911437
156723.0	0.021177596132003217
156724.0	0.10774321192253662
156725.0	0.11179069275772663
156726.0	0.07167489983823032
156727.0	0.09788067419499226
156728.0	0.0828623248540329
156729.0	0.08592784971077141
156730.0	0.08208732938992061
156731.0	0.056539036244180635
156732.0	0.05985256321628022
156733.0	0.08365233609402012
156734.0	0.09228563672928837
156735.0	0.10892258844377876
156736.0	0.13480740823572304
156737.0	0.12480409177502592
156738.0	0.13429952057785818
156739.0	0.12277204008570682
156740.0	0.1397090177704797
156741.0	0.147048900633087
156742.0	0.12989708293939384
156743.0	0.09360835565477717
156744.0	0.09282405240909458
156745.0	0.08930680372525605
156746.0	0.08804626257323471
156747.0	0.12072828756519904
156748.0	0.10849194530249517
437102.0	1.4066914963690127
437103.0	1.4278252205240884
437104.0	1.3898159577508855
437105.0	1.4200156816336948
437106.0	1.3367252238921616
642799.0	1.4951474658960549
642800.0	1.5469728743401727
642801.0	1.480753150796083
642802.0	1.4607839955252429
642803.0	1.4293002994620239
642804.0	1.5447389168213046
642805.0	1.4638708607254585
642806.0	1.4110651168835529
642807.0	1.4444830040880936
642808.0	1.4823136199456088
642809.0	1.4548984049790736
642810.0	1.5066459800288252
642811.0	1.4813959523955447
642812.0	1.4576230636226355
642813.0	1.4971787971929162
642814.0	1.497698043609859
642815.0	1.4922309983346131
642816.0	1.3523307223935759
642817.0	1.5258048642021333
642818.0	1.4960458186242998
642819.0	1.4681992348856465
642820.0	1.5209355748568634
642821.0	1.4636771115387393
642822.0	1.532929781391341
642823.0	1.526085259283121
642824.0	1.4267332443437302
642825.0	1.5166886146443201
642826.0	1.4355198109268124
642827.0	1.4533325258215424
642828.0	1.5133253539677431
642829.0	1.5437864573650206
642830.0	1.4929191575101721
642831.0	1.5439479909453628
642832.0	1.4012775519421683
642833.0	1.484641181598924
642834.0	1.5621123635985372
642835.0	1.4801498924068257
642836.0	1.4877022615749007
642837.0	1.483491441106182
642838.0	1.477693411705411
642839.0	1.4846356717335365
642840.0	1.5226146622076386
642841.0	1.3387133558256823
642842.0	1.4858000244630112
642843.0	1.4663972082329864
642844.0	1.482704737004196
642845.0	1.5816925061989078
642846.0	1.5331242126055706
642847.0	1.59368158169019
642848.0	1.511463577596048
642849.0	1.5210202947449991
642850.0	1.4917575396193459
642851.0	1.4491232275385497
642852.0	1.5382125278614254
642853.0	1.5341074881211345
642854.0	1.4181514069445205
642855.0	1.41664312803217
642856.0	1.442742840338692
642857.0	1.4544140172975597
642858.0	1.5541208657380192
642859.0	1.4580562892778024
642860.0	1.4640175977793095
642861.0	1.472691738053872
642862.0	1.471351753003521
642863.0	1.4764051389104988
642864.0	1.4461786399795407
642865.0	1.436009587759488
642866.0	1.4325666874191225
642867.0	1.419516630808128
642868.0	1.481319822569895
642869.0	1.4879622503970786
642870.0	1.5299381220317176
642871.0	1.4831847608025204
642872.0	1.5605848324719127
642873.0	1.490011033452346
642874.0	1.4977838846207274
642875.0	1.4253303572223186
642876.0	1.5208612711523128
642877.0	1.4582006097491116
642878.0	1.4355212504310908
642879.0	1.5367062449668656
642880.0	1.4900842295187406
642881.0	1.6384813257880226
642882.0	1.4988707188142045
642883.0	1.5072828365822823
642884.0	1.5178231947976872
642885.0	1.511070333537936
642886.0	1.4853131412650364
642887.0	1.5505744636774932
642888.0	1.4618874420792938
642889.0	1.4250026479957627
642890.0	1.4264997088419686
642891.0	1.4247409330891203
642892.0	1.435008620851992
642893.0	1.4520107996058051
642894.0	1.4782224233586168
642895.0	1.416481009294795
642896.0	1.48315165280842
642897.0	1.4525555252168123
642898.0	1.4695746544563784
853275.0	1.364130992718721
853276.0	1.44822084829198
853278.0	1.351088817653727
853279.0	1.3543005644790442
853280.0	1.404097955749636
853281.0	1.4643072910785107
853282.0	1.4217292694169583
853283.0	1.443985074411648
853284.0	1.3924926113285871
853285.0	1.4435656465948907
853286.0	1.4100471847084497
853287.0	1.4407846526055683
853288.0	1.4168730603004365
853289.0	1.4933480935271
853290.0	1.402636352050007
853291.0	1.4515145570578414
853292.0	1.4390059040132612
853293.0	1.413728608519884
853294.0	1.462436494641111
853295.0	1.4595680684412624
853296.0	1.4454412188321888
853297.0	1.461337518971113
853298.0	1.449795190375483
853299.0	1.4359013338103555
853300.0	1.4298254031780986
853301.0	1.4430896056633005
853302.0	1.4528723699555157
853303.0	1.5360081353249853
853304.0	1.4287937779194952
853305.0	1.4696258334535794
853306.0	1.4396566593161049
853307.0	1.4745807712334416
853308.0	1.4239795893664056
853309.0	1.4768549003634888
853310.0	1.4526437084067154
853311.0	1.402495428725118
853312.0	1.5022487794050372
853313.0	1.4377340135828562
853314.0	1.4587390130781885
853315.0	1.4174661804421775
853316.0	1.4017606089633157
853317.0	1.3836602099613347
853318.0	1.3958721294943042
853319.0	1.4638916277635126
853320.0	1.3450122066272634
853321.0	1.4507542671302889
853322.0	1.4416012001036345
853323.0	1.4183805240691885
853324.0	1.402880242843933
853325.0	1.3836661022655894
853326.0	1.3813518282959008
853327.0	1.3997828735147975
853328.0	1.4172377597173378
853329.0	1.5936231632192417
853330.0	1.4062803274294433
853331.0	1.3892437028475204
853332.0	1.3741168997266682
853333.0	1.3665659543124367
853334.0	1.379859523781773
853335.0	1.3975700283530277
853336.0	1.636653196999196
853337.0	1.5759281378288732
853338.0	1.4236866002217239
853339.0	1.3812145877604547
853340.0	1.4314258338489045
853341.0	1.3986206212965093
853342.0	1.342556350244175
853343.0	1.400197366447418
853344.0	1.5991630404888415
853345.0	1.3898237123414603
853346.0	1.4202733779961094
853347.0	1.589639186749628
853348.0	1.3937864257634496
853349.0	1.4082298396967194
853350.0	1.5504889103153863
853351.0	1.4138278230155295
853352.0	1.4284524177524272
853353.0	1.3975453481059337
853354.0	1.525484432966956
853355.0	1.4037399803090078
853356.0	1.5577627772530154
853357.0	1.397892994096893
853358.0	1.4141693189806417
853359.0	1.5203698795575142
853360.0	1.4110458508271355
853361.0	1.4049665710941044
853362.0	1.4193034147111605
853363.0	1.5378958334220856
853364.0	1.4017515358632349
853365.0	1.5488814200630896
853366.0	1.4559496992696561
853367.0	1.56768661136171
853368.0	1.4176528048456034
853369.0	1.4206774412127188
853370.0	1.582178003236683
286024.0	1.4674842962546346
286025.0	1.4505325163296567
286026.0	1.3311736171427704
411990.0	0.06995726806023064
411991.0	0.06765785253233472
411992.0	0.07678473033885555
411993.0	0.1283996469137179
411994.0	0.040655345880532524
411995.0	0.04770726936439202
411996.0	0.05079400412749417
411997.0	0.0524569708258749
411998.0	0.08259881911333901
411999.0	0.05774230086759058
412000.0	0.03858360595867104
412001.0	0.06385852215520402
412002.0	0.14296753669706325
412003.0	0.05832773992994367
412004.0	0.07219543397883194
412005.0	0.07338484629574303
412006.0	0.08038713979888457
412007.0	0.07694044281971452
412008.0	0.06041472137757082
412009.0	0.07104986950430886
412010.0	0.04658025077868579
412011.0	0.04702443506592584
412012.0	0.12323627255490413
412013.0	0.05241646194955893
412014.0	0.12175195806608742
412015.0	0.1238631214183907
412016.0	0.08383196736857106
412017.0	0.044050446553627054
412018.0	1.7112828515975618
412019.0	0.026921263451408255
412020.0	0.05689561265960284
412021.0	0.15804107008034166
412022.0	0.10684469101781564
412023.0	0.056202987272145705
412024.0	0.06956034919006085
412025.0	0.06246458590469695
412026.0	0.07522598369360592
412027.0	0.0977649435714978
412028.0	0.09979435402729536
412029.0	0.08960130935666674
412030.0	0.05016336652780801
412031.0	0.06728455243167722
412032.0	0.13916145713616293
412033.0	0.03340148627852508
412034.0	0.07123444591721322
412035.0	0.09464734600302147
412036.0	0.1157624357052528
412037.0	0.09193028103004038
412038.0	0.06184457230787908
412039.0	0.190137292191529
412040.0	0.24787496185502508
412041.0	0.2032545262182443
412042.0	0.18071436674567742
412043.0	0.15679389844218594
412044.0	0.19765126886464332
412045.0	0.15047233852480538
412046.0	0.13880377633979654
412047.0	0.11061319650813417
412048.0	0.1760505033271801
412049.0	0.15049790782746503
412050.0	0.13394635257190776
412051.0	0.1381786022457301
412052.0	0.15730958079992916
412053.0	0.1641730462162624
412054.0	0.15985089476140218
412055.0	0.16335867004359264
412056.0	0.18013758086359644
412057.0	0.2111579876695803
412058.0	0.19620044342858378
412059.0	0.16918992835187655
412060.0	0.17911626765607572
412061.0	0.14607135805648647
412062.0	0.19405489031595002
412063.0	0.14802861666973458
412064.0	0.12463237881874331
412065.0	0.12354777038436007
412066.0	0.14243011247559118
412067.0	0.15776131000991822
412068.0	0.1451239316030833
412069.0	0.19353968689673492
412070.0	0.1370887026395371
412071.0	0.11594227369537115
412072.0	0.10884093809435368
412073.0	0.10929962554980006
412074.0	0.13631112276501728
412075.0	0.19030458443468434
412076.0	0.20231253031616359
412077.0	0.1687019647770984
412078.0	0.14483007538004564
412079.0	0.19067258865896078
412081.0	0.19875504590663481
412082.0	0.2230913859346909
412083.0	0.20725935313358423
412084.0	0.1130000333903987
412085.0	0.1572905741
412086.0	0.15148693309625982
412087.0	0.09279630831474432
412088.0	0.12173891089467523
412089.0	0.1452735895555828
600496.0	1.2684337551777294
600497.0	1.15627953782903
600498.0	1.1023955842632895
600499.0	1.1603345390998792
600500.0	1.1464002366750479
600501.0	1.0973675300213468
600502.0	1.0223008826770208
600503.0	1.4136291707224238
600504.0	1.3825423281558795
600505.0	1.5533922449872766
600506.0	1.5151652122098542
600507.0	1.4951990538721798
600508.0	1.5494058740386225
600509.0	1.5542009891644306
600510.0	1.4715374460163626
600511.0	1.4975141722962242
600512.0	1.541509677153966
600513.0	1.4630876314560215
600514.0	1.3705679295900408
600515.0	1.3292948918917167
600516.0	1.4136019439573424
600517.0	1.4353889181762904
600518.0	1.405646447338335
600519.0	1.44889166826403
600520.0	1.4916024547281843
600521.0	1.351802251036144
600522.0	1.3304845335622393
600523.0	1.4435996032647644
600524.0	1.3703406024123093
600525.0	1.419674636499633
600526.0	1.3049245594912173
636531.0	1.2905043747971912
636532.0	1.1811379196629634
636533.0	1.2842786685699616
636534.0	1.2122780855153246
636535.0	1.1704832082737282
636536.0	1.1781026288199532
636537.0	1.2649885573618476
636538.0	1.177241921844516
636539.0	1.3579683951350288
636540.0	1.3827560879227352
636541.0	1.4281428504521179
636542.0	1.473411729283619
636543.0	1.4376821174061567
636544.0	1.4655951905264504
636545.0	1.451083027898876
636546.0	1.4057033924210058
636547.0	1.455704750177806
636548.0	1.3922554890270902
636550.0	1.2057602619270191
636551.0	1.4398091135562476
636552.0	1.1578296768431613
636553.0	1.4062756141631967
636554.0	1.425129392351177
636555.0	1.2077529191332603
636556.0	1.4318226938159737
636557.0	1.232707348179226
636558.0	1.3586314692126626
636559.0	1.3761144052223655
636560.0	1.1743337965820388
636561.0	1.339484042134237
636562.0	1.3534689985413826
636563.0	1.3298239641884484
636564.0	1.2350082759099268
636565.0	1.4100827035018106
636566.0	1.1965991923392616
636567.0	1.443066007404501
636568.0	1.3312219311966982
636569.0	1.3202595870275884
636570.0	1.333695850771516
636571.0	1.3391053849565855
636572.0	1.2840026387962042
636573.0	1.2908316683227516
636574.0	1.3482089030538607
636575.0	1.3334021796858673
636576.0	1.353584712453299
636577.0	1.2983178218016935
636578.0	1.3662961787752748
636579.0	1.3657871585117085
636580.0	1.3160652565891073
636581.0	1.3426780407134808
636582.0	1.2083046686157344
636583.0	1.3708764463034482
636584.0	1.2144396257643681
636585.0	1.294021880687305
636586.0	1.1899840196127505
636587.0	1.2472040762645442
636588.0	1.1986616439681548
636589.0	1.2549465445791679
636590.0	1.1811004400715186
636591.0	1.2565049259480834
636592.0	1.1459235833021348
636593.0	1.2510869677995338
636594.0	1.2225208066546498
636595.0	1.2307522711430179
636596.0	1.1484129641971637
636597.0	1.2332214157504184
636598.0	1.1673457523706037
636599.0	1.2274483843492974
636600.0	1.3108967092601338
636601.0	1.3122178587982385
636602.0	1.3071373707884495
636603.0	1.2784033380865902
636604.0	1.158658909463529
636605.0	1.2679737066244017
636606.0	1.3121583972427802
636607.0	1.2041871302165812
636608.0	1.2610256402959044
636609.0	1.1913135011001577
636610.0	1.2540910000487249
636611.0	1.2291025226347503
636612.0	1.1563830834728006
636613.0	1.2398194915706093
636614.0	1.107864025941262
636615.0	1.0769054225257506
799312.0	1.3746797972346778
799313.0	1.405606193798182
799314.0	1.3221979500993422
186310.0	1.5833350922885223
186311.0	1.4002362794231034
186312.0	1.4976426265285128
186313.0	1.4486923189711505
186314.0	1.508152983606174
186315.0	1.5905653167490392
186316.0	1.5581198381669228
186317.0	1.5241375054017092
186318.0	1.5395675867932719
186319.0	1.5654862468781618
186320.0	1.3692332032293035
186321.0	1.4931885435893508
186322.0	1.501925276836073
186323.0	1.4868889933357081
186324.0	1.5613016877949226
186325.0	1.5789770976713062
186326.0	1.6030581843522067
186327.0	1.4826360653080195
186328.0	1.536096809169817
186329.0	1.5963974299805552
186331.0	1.5476249052963786
186332.0	1.4554593981600201
186333.0	1.5655677344347405
186334.0	1.4500855312296312
186335.0	1.3886191032804442
186336.0	1.4959061291368316
186337.0	1.6406136422826667
186338.0	1.6780588963127805
186339.0	1.5540720765059164
186340.0	1.5822619369306383
186341.0	1.5469606281952162
186342.0	1.5187899366039075
186343.0	1.4624332553055412
186344.0	1.5793899304443622
186345.0	1.530465942429432
186346.0	1.5643314669338153
186347.0	1.6289269343801496
186348.0	1.5799602665547272
186349.0	1.5705646266656135
186350.0	1.571134567311766
186351.0	1.5907145478654903
186352.0	1.5165280954865221
186353.0	1.3085048587481283
186354.0	1.2682004401244695
186355.0	1.4280454475399837
186356.0	1.3966772351558427
186357.0	1.492145353677406
186358.0	1.4794633839111773
186359.0	1.4805580479924463
186360.0	1.5142331068947654
186361.0	1.4017202672700275
186362.0	1.3459203795187131
186363.0	1.4562210216797602
186364.0	1.299846068909426
186365.0	1.1893150816601852
186366.0	1.3543070077909343
186367.0	1.415713682322
186368.0	1.3367924665599988
186369.0	1.4443942762636615
186370.0	1.3645826296884713
186371.0	1.4266097412700192
186372.0	1.4212081650119783
186373.0	1.3672887371082418
186374.0	1.409059888710276
186375.0	1.4093132138292674
186376.0	1.4092971013286608
186377.0	1.329573203610586
186378.0	1.3610322672016106
186379.0	1.3639322716768005
186380.0	1.3926627110414629
186381.0	1.3073709604999586
186382.0	1.2234687339367327
186383.0	1.35690437003335
186384.0	1.279324752523551
186386.0	1.3292711244654212
186387.0	1.4429681357711084
186388.0	1.373872853561023
186389.0	1.3414968806756056
186390.0	1.4379226928304543
414847.0	1.3000199147775975
414848.0	1.3150790115165556
414849.0	1.2549546838916552
414850.0	1.4213696680854706
414851.0	1.3394823285950055
414852.0	1.4459278560104765
414853.0	1.4596843933242807
414854.0	1.468094797446714
414855.0	1.3900312290257635
414856.0	1.4756584461141242
414857.0	1.4457930213112786
414858.0	1.462784933884484
414859.0	1.4615112074298071
414860.0	1.374313857466643
414861.0	1.383084621013666
414862.0	1.4505562150441709
414863.0	1.4098620184144341
414864.0	1.4227946476862483
567615.0	1.5725377951354529
567616.0	1.4431893137695546
567618.0	1.678752261732366
567619.0	1.452819067451571
567620.0	1.5125581645453525
567621.0	1.4776011516534708
567622.0	1.5908430697889713
567623.0	1.496107181314121
567624.0	1.6245297852977463
567625.0	1.4263943345136865
567626.0	1.6234147365634322
567627.0	1.4262446211418667
567628.0	1.6208588964729873
567629.0	1.5088566788499596
567630.0	1.6516785942595882
567631.0	1.4699476330966839
567632.0	1.6586986743086
567633.0	1.489471917569175
567634.0	1.6169620455627922
567635.0	1.5234140200893473
567636.0	1.644095186886157
567637.0	1.5265734842958114
567638.0	1.634594531695682
567639.0	1.4434188087018938
567640.0	1.631338643763661
567641.0	1.547139139255606
567642.0	1.5206187595021998
567643.0	1.50285775875771
567644.0	1.5233394878116913
567645.0	1.4790845899257432
567646.0	1.5705110897238406
567648.0	1.50975622476236
567649.0	1.634625151920574
567650.0	1.4847231056658776
567651.0	1.5759781772470896
567652.0	1.4508518296299568
567653.0	1.509118327310851
567654.0	1.5227793759865402
567655.0	1.482883796354983
567656.0	1.5083333317005914
567657.0	1.623752427475598
567658.0	1.5883967105675223
567659.0	1.5830232346732644
567660.0	1.511221582519493
567661.0	1.5890103370022548
567662.0	1.5423284672746753
567663.0	1.5372241438999221
567664.0	1.5074579831370312
567665.0	1.555257535349323
567666.0	1.5222510180575382
567667.0	1.5109082542715113
567668.0	1.4758023777280573
567669.0	1.46816049506582
567670.0	1.5039662880444902
567671.0	1.4507903965433657
567672.0	1.4077513335789213
567673.0	1.4361570299260664
567674.0	1.420764807171464
567675.0	1.4154636967741583
567676.0	1.4248752055952405
567677.0	1.4328469304401525
567678.0	1.5066308116842295
567679.0	1.380545663088195
567681.0	1.3908390818779772
567682.0	1.3559654456469092
567683.0	1.3909126452716791
567684.0	1.4336659675207188
567685.0	1.4391170642663116
567686.0	1.5356509263474925
567687.0	1.3897550152835583
567688.0	1.482085445526032
567690.0	1.3349077534180191
567691.0	1.337572841210892
567692.0	1.4472235225458312
567693.0	1.446141885554939
567694.0	1.3754595287069655
567695.0	1.4966594088083538
567696.0	1.4320409198620747
567697.0	1.3923881208422473
567698.0	1.4741802074827062
567699.0	1.326939254490954
567700.0	1.4734408995346284
567701.0	1.3982425287421576
567702.0	1.449763135162416
567703.0	1.42287466981017
567704.0	1.4378824381795101
567705.0	1.3210867197849718
567706.0	1.4704889171867352
567707.0	1.3354762774991518
567708.0	1.4362070985342605
567709.0	1.3835078889902321
567710.0	1.476752391721038
567711.0	1.3991050455399148
567712.0	1.3364807130065137
567713.0	1.3717804048187492
567714.0	1.4046750085512159
567715.0	1.3256619598273154
567716.0	1.3039514762451598
567718.0	1.4433234262055583
567719.0	1.3952128007380997
567720.0	1.5297460384843866
567725.0	1.4722238942188601
567726.0	1.3928386277227407
567727.0	1.4831135255982133
567728.0	1.49374244776037
567730.0	1.5071177621453913
567731.0	1.6227113193632154
567732.0	1.6109553419895906
567733.0	1.6348689704364892
567734.0	1.5789662422554038
567735.0	1.4819844393850345
567736.0	1.5442402397035688
567737.0	1.5435280392951147
567738.0	1.5692886903033567
567739.0	1.5960191595947184
567740.0	1.567216764030958
567741.0	1.5459929503324963
567742.0	1.5146464466990635
567743.0	1.5195816167440965
567744.0	1.48095113417056
567745.0	1.5906170264827546
567746.0	1.5619820856178241
567747.0	1.466524186361841
567748.0	1.4667810630809595
567749.0	1.4610564853533998
567750.0	1.4521312747928306
567751.0	1.426618150734067
567752.0	1.4747082072604547
567753.0	1.4958798901934451
567754.0	1.4926551514301791
567755.0	1.4648512654278405
567756.0	1.4377939368669683
567757.0	1.501577797656858
567758.0	1.428948922728018
567759.0	1.4476195582738505
567760.0	1.46412676252535
567761.0	1.4843874533833186
567762.0	1.4966304985439989
567763.0	1.4522864600334815
567764.0	1.4452884069831538
567765.0	1.4527893485384153
567766.0	1.3971157345290102
567767.0	1.4338960352961878
567768.0	1.5004018912170636
567769.0	1.5089441070018588
567770.0	1.5064078271820955
567771.0	1.556881259012839
567772.0	1.5099810297799214
567773.0	1.4726982005714313
567774.0	1.4731837300062587
567775.0	1.4306425826786535
567776.0	1.389089536240678
567777.0	1.3057845689298606
567778.0	1.4185475022688776
567779.0	1.4951588913584621
567780.0	1.43307286847468
567781.0	1.3318868015260514
567782.0	1.3599075984841855
567783.0	1.4255485697445496
567784.0	1.4363184076599547
567785.0	1.420328170439432
567786.0	1.3920918901526578
567787.0	1.308751451896495
567788.0	1.3925604237393918
567789.0	1.3940099024144923
567790.0	1.3568778363169018
567791.0	1.3195562301098949
735246.0	0.9593594119626021
735247.0	0.13155751739881358
735249.0	0.0700992184949712
735251.0	0.36828789442278526
735252.0	0.21091214473630457
735253.0	0.1650068416770193
735254.0	0.31243150212539045
735255.0	0.26301959848448264
878773.0	1.3612234076984868
878774.0	1.4325323991060035
878775.0	1.3874351801983509
878776.0	1.3945530831432198
878777.0	1.4163983418694361
852995.0	1.4127963235956211
852996.0	1.5536265004909666
852997.0	1.4124301341780199
852998.0	1.4260818177244696
852999.0	1.4401408891299845
853000.0	1.4924773530656112
853001.0	1.433163635066269
853002.0	1.3827683275609444
885410.0	1.543270801130184
885411.0	1.545834219598118
885412.0	1.3964786567460632
885413.0	1.4377027551375035
885414.0	1.3792303642990171
885416.0	1.517933473351632
885417.0	1.4282642838208581
885418.0	1.5761892004284175
885419.0	1.5287810098764816
885420.0	1.5199534593444806
885421.0	1.4295841208948503
885422.0	1.419419456800575
885423.0	1.4963371458957258
885424.0	1.4413269301223695
885425.0	1.5400906578432192
885426.0	1.3778693931176536
885427.0	1.4409103941629182
885428.0	1.3758152751720125
885429.0	1.5142546523213642
885430.0	1.3996368428860915
885431.0	1.4158913894920073
885432.0	1.4470806473896194
885433.0	1.385223326129528
885434.0	1.4857535381923839
885435.0	1.455560846752306
885436.0	1.4574942972302034
885437.0	1.4497790754399162
885438.0	1.4511000652647879
885439.0	1.3589753245539666
885440.0	1.45985230825598
885441.0	1.3757544689457881
885442.0	1.5512954872662388
885443.0	1.3393653831256978
885444.0	1.488042796046335
885445.0	1.4111011110199565
885446.0	1.4959224909437197
885447.0	1.4357253507229133
885448.0	1.5499069295137249
885449.0	1.4017489693896235
885450.0	1.5006964756978172
885451.0	1.39786178110742
885452.0	1.511021346360305
885453.0	1.3146764520102032
885454.0	1.4652909253788156
885455.0	1.3270284338415848
885456.0	1.5164035361608679
885457.0	1.4950301309597682
885458.0	1.4733292885903895
885459.0	1.49381124674162
885460.0	1.5060563318595144
885461.0	1.5173735105161317
885462.0	1.4470434159816519
885463.0	1.4523807842023941
885464.0	1.4689819240047004
885465.0	1.518589849133874
885466.0	1.5031507267147028
885467.0	1.4977442538550216
885468.0	1.498658408659813
885469.0	1.4926486187156094
885470.0	1.4973340182987622
885472.0	1.4864855711744307
885473.0	1.4727786896944592
885475.0	1.5117721288777999
885476.0	1.4717371905465206
885477.0	1.4686973225398994
885478.0	1.487208125495256
885479.0	1.4835710036901353
885480.0	1.4656916569651208
885481.0	1.4593135118658103
885482.0	1.4618282697141085
885483.0	1.4159773743382449
885484.0	1.4477317274084311
885485.0	1.5102932214889637
885486.0	1.4533447492057097
885487.0	1.526177556228268
885488.0	1.447651793404294
885489.0	1.456473113017198
885490.0	1.413765296264589
885491.0	1.508021661024689
885493.0	1.5054734823107379
885494.0	1.4326710341142976
885495.0	1.448204795560043
885496.0	1.4834271707899904
885498.0	1.5024523729356116
885499.0	1.4239239950477434
885500.0	1.4219438145341003
885501.0	1.4934070540816615
885502.0	1.4277471500880774
885503.0	1.4802640370070768
885504.0	1.428779543612138
885505.0	1.4204798191075005
885506.0	1.4723508016646092
885507.0	1.4703653135798915
885508.0	1.4317677512664204
885509.0	1.4600231353345052
983790.0	1.4493819241910708
983791.0	1.401564889447564
983792.0	1.366825259263944
983793.0	1.3607057932277735
983794.0	1.3934642078100856
983795.0	1.4611282865684
983796.0	1.4401944054457054
983798.0	1.4834991307049676
983800.0	1.5625105097083938
983802.0	1.6278333862804304
983803.0	1.5395536622334987
983807.0	1.6117020324156548
983808.0	1.527958753182106
983809.0	1.607655449147021
983810.0	1.4346113437411305
983811.0	1.4646222344929731
983812.0	1.4715905849386255
983813.0	1.4721696759817668
983814.0	1.4516634955394703
983815.0	1.4362515265876656
983816.0	1.4914745387612423
983817.0	1.4583173792588593
983818.0	1.4856707255619301
983819.0	1.4067075593585234
983820.0	1.5289072922180917
983821.0	1.456031635665031
983822.0	1.6284525444759672
983823.0	1.3636542608498694
983824.0	1.372220684277731
983825.0	1.4021196481942961
983826.0	1.3995791790655718
983827.0	1.5076256305115128
983828.0	1.4781583989164078
983829.0	1.5296415131617989
983830.0	1.5491574984193184
983831.0	1.5077785254225693
983832.0	1.4960250898879492
983833.0	1.5384039136073064
983834.0	1.5480813266159748
983835.0	1.459805860027852
983836.0	1.5677951737319227
983837.0	1.5415122834994426
983838.0	1.499867674452602
983839.0	1.5327047020284188
983840.0	1.510380142887867
983841.0	1.4942262219558027
983842.0	1.4326850470014532
983843.0	1.4437594669969394
983844.0	1.4192585731989005
983845.0	1.415659341799705
983846.0	1.1410339498248585
983847.0	1.1473811453057363
983848.0	1.1289618595218942
983849.0	1.1831823408287465
983850.0	1.162967858829682
983851.0	1.170411011335983
983852.0	1.1156336452582198
983853.0	1.090690014479455
983854.0	1.1764372266857746
983855.0	1.1436298274850283
983856.0	0.9990105971503644
983857.0	1.0304026778774944
983858.0	1.0591448930514302
983860.0	1.135990254210353
983861.0	1.086453661392243
983862.0	1.0354449375209533
983863.0	1.0069647868914773
983864.0	1.0509446146649766
983865.0	0.9740692621546276
983866.0	0.9391455816588682
983867.0	0.9413346538450581
983868.0	0.9028944304306797
983869.0	1.0201838410898063
983870.0	1.0703897555284818
983871.0	0.9796154057718401
983872.0	0.9303766523063882
983873.0	1.0690508270702883
983874.0	0.971338567644641
983875.0	0.824421259336282
983876.0	0.9681826285417271
983877.0	0.9837265289301186
983878.0	1.1223886133780163
983879.0	1.0612428412465567
983880.0	0.9810103163565849
983882.0	1.2048032737448233
983883.0	1.0290675091198689
983884.0	1.146910568981546
983885.0	1.0731001396515558
983886.0	1.0084372952609695
983887.0	1.0118141938927152
983888.0	1.0128081976673238
983889.0	0.9839927576653045
983890.0	1.0169391354820836
983891.0	1.0813906343402027
983892.0	0.9873532746298261
983893.0	0.9944643704082521
983894.0	1.0031107190712254
983895.0	1.0788386930877898
983896.0	1.0894487876618297
225713.0	1.3860402220033483
225714.0	1.4211049316421458
225715.0	1.4146745718092824
225716.0	1.3419581811074217
225718.0	1.3260668314183717
225720.0	1.4234944559117633
225721.0	1.3494001820601036
225722.0	1.4583064215186814
225723.0	1.363456341022241
225724.0	1.3942533723929835
225725.0	1.365122708755124
225726.0	1.3779262885845254
225728.0	1.2899278773765688
225729.0	1.2990338885558963
225730.0	1.294154047854283
225731.0	1.2352221699375177
225732.0	1.350145413419504
225733.0	1.2967331515708094
225734.0	1.2927178257835306
225736.0	1.2067695702139238
225737.0	1.270940332014604
225739.0	1.2824391349907658
225742.0	1.2257757349356222
225743.0	1.242312934247744
225744.0	1.2154854844947682
225745.0	1.3373408945279992
225746.0	1.2776610272757531
225747.0	1.2672867326078403
225748.0	1.1965625816694956
225749.0	1.2489905457691373
225750.0	1.118628147464484
225751.0	1.2046846623778202
225752.0	1.3113857075521718
225753.0	1.1458336199278822
225754.0	1.2861928546761299
225755.0	1.1896703208246415
225756.0	1.2986751633162705
225757.0	1.1956976185819312
225758.0	1.2936173077798894
225759.0	1.1634934110308202
225760.0	1.272241327523851
225761.0	1.1219283588590918
225762.0	1.2944105990601211
225763.0	1.2040838114621164
225764.0	1.2380806737576344
225765.0	1.174427233946395
225766.0	1.3022285372910571
225767.0	1.237777578034861
225768.0	1.3320466966870936
225769.0	1.2137529659523743
240043.0	0.10367637226071334
240044.0	0.08752984091299364
240045.0	0.1594388397465607
240046.0	0.09163436352520218
240047.0	0.055359469270893816
240048.0	0.10717906062294583
240049.0	0.5045754599698508
240050.0	0.09342384437786257
240051.0	0.12806683747339662
240052.0	0.04567031574625784
240053.0	0.11004856443183886
240054.0	0.09584605748292337
240055.0	0.1094559779817107
240056.0	0.07575770066435303
240057.0	0.05449380151725705
240058.0	0.10790257778164616
240059.0	0.34869332735261427
240060.0	0.10584808079070565
240061.0	0.07144261876538724
240062.0	0.028097227719567304
240063.0	0.057570540438890164
240064.0	0.18314755546965839
240065.0	0.19467487880071124
240066.0	0.06233068561069717
240067.0	0.08690012164546236
240068.0	0.027726125613071532
240069.0	0.06352975382241839
240070.0	0.10935865801405484
240071.0	0.14927954212706773
240072.0	0.12174281110387725
240073.0	0.08155675747194507
240074.0	0.1103728412862182
240075.0	0.12909002457794094
240076.0	0.09612705455249111
240077.0	0.053675923117925406
240078.0	0.14396324953817613
240079.0	0.07978249173407986
240080.0	0.0878279755546465
240081.0	0.047308249423595426
240082.0	0.11850841657583383
240083.0	0.05177043439261052
240084.0	0.19237373478330957
240085.0	0.15741672520622382
240086.0	0.16955845485052629
240087.0	0.06177651116670187
240088.0	0.1141649712354925
240089.0	0.1892326694328318
240090.0	0.12404054556928186
240091.0	0.07973432529122315
240092.0	0.07315662575296371
240093.0	0.05390415317363338
240094.0	0.0763492365986422
240095.0	0.09675074254131616
240096.0	0.11900924701756162
240097.0	0.09036211471288003
240098.0	0.06538182829684068
240099.0	2.484176653423275
240100.0	0.05497417021672274
240101.0	0.10211593997664424
240102.0	0.07329261756747701
240103.0	0.09451887996551418
240104.0	0.1350281754617622
240105.0	0.059803634255828804
240106.0	0.11918114801995659
240107.0	0.12656467317124026
240108.0	0.05276731916974869
240109.0	0.07152616148904344
240110.0	0.11387643063908919
240111.0	0.13579642416499688
240112.0	0.1008626504662312
240113.0	0.10188733296261826
240114.0	0.09576186577813073
240115.0	0.09689679553179396
240116.0	0.16246066771374937
240117.0	0.1417228584767202
240118.0	0.09982387485668988
240119.0	0.09382384602519256
240120.0	0.05336279549611804
240121.0	0.8133182376181485
240122.0	0.07086039556053736
240123.0	0.07954720805267886
240124.0	0.09374776501180848
240125.0	0.11798380721997116
240126.0	0.10504569586493104
240127.0	0.09970041138801002
240128.0	0.08894899724294457
240129.0	0.12654238128791104
240130.0	0.06507683188127346
240131.0	0.11700147640252187
240132.0	0.08230581729767537
240133.0	0.09384885494376213
240134.0	0.10487143556938955
240135.0	0.09022618890525418
240136.0	0.13500482196889457
240137.0	0.0897177633285929
240138.0	0.11200516275100729
240139.0	0.12365402694961644
240140.0	0.8048531806436596
240141.0	0.10126783456902166
240142.0	0.11698140985331452
674980.0	1.387074985953284
674981.0	1.4675600837991187
674982.0	1.3460136841491177
674983.0	1.4794371373786308
674984.0	1.420528688518671
674985.0	1.4870700237859953
674987.0	1.4602736328982056
674988.0	1.436418396343457
674989.0	1.5097297258245577
674990.0	1.4852650799450757
674991.0	1.4105001483493165
674992.0	1.3933313454007608
674993.0	1.493186838033719
674994.0	1.4669721211336415
674995.0	1.46280804170203
674996.0	1.462462311347368
674997.0	1.4678528412070815
674998.0	1.4387453505601986
674999.0	1.4647363221705805
675000.0	1.4599135798922804
675001.0	1.52224337190184
675002.0	1.4579043222928676
675003.0	1.5016409656946852
675004.0	1.3942741643075194
675005.0	1.5128747676413186
675006.0	1.4675052238345967
675007.0	1.4837533698200647
675008.0	1.4220605576078595
675009.0	1.415686042128997
675011.0	1.4643392106769213
675012.0	1.4064921241649073
675013.0	1.4693097542491325
675014.0	1.4188305168849102
675015.0	1.4770461212850627
675016.0	1.501163694186475
675017.0	1.445136547156536
675018.0	1.4311366034930582
675019.0	1.4263617798186432
675020.0	1.4585966941179538
675021.0	1.5238605271681576
675022.0	1.384182819945129
675023.0	1.6090938045429475
675024.0	1.6058188186549267
675025.0	1.5036273579747732
675026.0	1.4490306672027902
675027.0	1.5282001304179569
675028.0	1.5585257279546048
675029.0	1.5492309085775857
675030.0	1.5457825578475213
756362.0	1.442102756864793
756363.0	1.454408544068784
756364.0	1.4719925683803532
756365.0	1.4700618183305258
756366.0	1.4473806262324338
756367.0	1.4328243395199105
756368.0	1.4489126841150561
756369.0	1.443010198017555
756370.0	1.4367477926567753
756371.0	1.4364748685465318
756372.0	1.4150028247104351
756373.0	1.4512589026593607
756374.0	1.4904237433646235
756375.0	1.4459994202685147
756376.0	1.5070622131833786
756377.0	1.4815088239180743
756378.0	1.4717727659940796
756379.0	1.482514863990549
756380.0	1.5044904980713707
756381.0	1.5053991664999438
756382.0	1.46002716297976
756383.0	1.4207019821396223
756384.0	1.4603205223713762
756385.0	1.468341202648397
756386.0	1.525084846330102
756387.0	1.4433243346488218
756388.0	1.4701551285220147
756389.0	1.4178439653901038
756390.0	1.4939195551970452
756391.0	1.4622663639674465
756392.0	1.458280429913602
756393.0	1.5099325007772162
756394.0	1.5048385840972138
756395.0	1.5147486856883952
756396.0	1.4624694350204803
756397.0	1.5607159569552622
756399.0	1.443457525155988
756400.0	1.5477615616745466
756401.0	1.4972718871500506
756402.0	1.51672779245257
756403.0	1.5827974394706756
756404.0	1.4227112704343055
756405.0	1.5030373024099788
756406.0	1.455153656999799
756407.0	1.4868154867292027
756408.0	1.4432572043372525
756409.0	1.490590949069065
756410.0	1.4336872298436352
756411.0	1.5144084912043885
756412.0	1.4431658196530857
756413.0	1.499266329859657
756414.0	1.659641741089994
756415.0	1.5846523679065954
756416.0	1.5374136820239268
756417.0	1.5115010881335225
756419.0	1.5400365368803473
756420.0	1.5794482033155512
756421.0	1.5476437325612364
756422.0	1.489900787145921
756423.0	1.5465421464723714
756424.0	1.5226427921289276
756425.0	1.5742588436606868
756426.0	1.5615649824110442
756427.0	1.5541110833793481
756428.0	1.524341636454432
756429.0	1.5334135252591072
756430.0	1.5161537345434533
756431.0	1.529473138153506
756432.0	1.5442708093725894
756434.0	1.476615523297595
756435.0	1.5401695294171898
756436.0	1.5573118247374724
756439.0	1.4893783593537893
756441.0	1.5051050893166138
756442.0	1.5124642144236156
756443.0	1.4897269808033702
756444.0	1.4985279079936615
756445.0	1.4673497145929113
756446.0	1.5251931392105817
756447.0	1.4915268443807503
756448.0	1.5570505653454951
756449.0	1.5518000749630545
756450.0	1.523527424734747
756452.0	1.5300006380357116
756453.0	1.5511881460444523
756454.0	1.516418594832164
756455.0	1.5213834740918564
756456.0	1.4595411027224647
756457.0	1.5814014691303753
756458.0	1.5381231578249759
756459.0	1.5932027932120982
756460.0	1.490394566248377
756461.0	1.4987239986316994
756463.0	1.5159296823896653
756464.0	1.4730360204411024
756466.0	1.447629387234408
756467.0	1.45239939602264
756468.0	1.5323755170726907
756469.0	1.5416005227221499
756470.0	1.4512290006917192
831571.0	0.06849532619743855
831572.0	0.08263915835148516
831574.0	0.08315490477938506
831575.0	0.08755111273467384
831576.0	0.12058713611105357
831577.0	0.05494667083391244
831578.0	0.09958014903345025
831579.0	1.0276284572522287
831580.0	0.09074465144226411
831581.0	0.15259970419160018
831582.0	0.06708149036153312
831583.0	0.07207969172679622
831584.0	0.11138194079280572
831585.0	0.08582123112614988
831586.0	0.0992489515922382
831587.0	0.09068624432855213
831588.0	0.11507295750248207
831589.0	0.06724252212156867
831590.0	0.04053989747001542
831591.0	0.09821103349471293
831592.0	0.08644903588313363
831593.0	0.07580318044647896
831594.0	0.10691540389287064
831595.0	0.09410690566555986
831596.0	0.06949975918053662
831597.0	0.04781111486248757
831598.0	0.05477073583368933
831599.0	0.1257246157929204
831600.0	0.06983802733661508
831601.0	0.07505780674349444
831602.0	0.07594921896297882
831603.0	0.013956742372517324
831604.0	0.06060242977703244
831605.0	0.053675585339492016
831606.0	0.18043419320320137
831607.0	0.3000001926123781
831608.0	0.0317767183582831
831609.0	0.05987448028930589
831610.0	0.02984039986476247
831611.0	2.2236635139974754
831612.0	0.03183754492061357
831613.0	0.09625056821440722
831614.0	0.16574464491143745
831615.0	0.48802221501846543
831616.0	0.12407022441100934
831617.0	0.33851677509682593
831618.0	0.21133669816837816
831619.0	0.14709501543990855
831620.0	0.05957713664014717
831621.0	0.124087476119132
831622.0	0.11192688497602842
831623.0	0.23359021084464462
831624.0	0.19323530404229544
831625.0	0.24360123482382437
831626.0	0.2720245876782886
831627.0	0.3113513273702257
831628.0	0.20768084122013933
831631.0	0.22459471739511686
831632.0	0.3148889436889789
831633.0	0.2882502004290504
831634.0	0.22698870033709934
831635.0	0.30004469474388645
831636.0	0.23872411524462886
831637.0	0.2623488515181778
831638.0	0.25063385105683794
831639.0	0.27319422378454333
831640.0	0.265953290688984
831641.0	0.26438001693083146
831642.0	0.2928649572575477
831643.0	0.2349726738004454
831644.0	0.2402644949505992
831645.0	0.3446489862420004
831646.0	0.20784900692941044
831647.0	0.25870379176891156
831648.0	0.23380061936803975
831649.0	0.1735257614905984
831650.0	0.21720737771707263
831651.0	0.2525657262050621
831652.0	0.22877380662873129
831653.0	0.3199706500334778
831654.0	0.3034638954601967
831655.0	0.2928014461819731
831656.0	0.32375164091639796
831657.0	0.3368841953577766
831658.0	0.3220762098722316
831659.0	0.25956238762571576
831660.0	0.33759204563300194
831661.0	0.3460972842174339
831662.0	0.2913005740340723
831663.0	0.3148359997962201
831664.0	0.3660417864294297
831665.0	0.34969286956901696
831666.0	0.31638501578654576
831667.0	0.29513950168816594
831668.0	0.24099502907333054
831669.0	0.29579723746577025
831670.0	0.10778106395944972
831671.0	0.11465607208911344
831672.0	0.13098873060755395
831673.0	0.10839673643389261
344074.0	0.08242761842004796
344075.0	0.1286928552423327
344076.0	0.0766178594881187
344078.0	0.08125079361111989
344079.0	0.05110385385662171
344080.0	0.07653720322174254
344081.0	0.12030446159580906
344082.0	0.08778452577603306
344083.0	0.10094413538733685
344084.0	0.11536690999872053
344085.0	0.062315710324265486
344086.0	0.07700667850248705
344088.0	0.11724267491905674
344089.0	0.07995601770361062
344090.0	0.07544611251635416
344091.0	0.11383007500398327
344093.0	0.08221982787053249
376652.0	0.05904470643475515
376660.0	0.0767874003091213
376663.0	0.19460410176698434
376668.0	0.0936650075744051
376688.0	0.2978183893239661
376690.0	0.16041758812334278
376692.0	0.18993512858085806
376693.0	0.2096116711949013
376694.0	0.16000090757195212
376695.0	0.25960780475169043
376696.0	0.12205695569695814
376698.0	0.14431508226651713
376700.0	2.4977221299347305
376702.0	0.20683507401329915
376704.0	0.15769189935618155
427925.0	0.04548869723858543
427926.0	0.07267736130783688
427927.0	0.1170087111074722
427928.0	0.14386905889924897
427929.0	0.06187311547709396
427930.0	2.4612090707327123
427931.0	0.06732048383384434
706368.0	0.07210114235071197
706369.0	0.10171839300719202
706370.0	0.4142568894509685
706371.0	0.10680561925764938
706372.0	0.09612569236540539
706373.0	0.07384696867804731
706374.0	0.14520737514783102
706375.0	0.09389807718931287
706376.0	0.08141967978273118
706377.0	0.06937168221047772
706378.0	0.08684396570399006
706379.0	0.06479797672869725
706380.0	0.11367617586823181
706381.0	0.12700426517505112
706382.0	0.06639330851008737
706383.0	0.062086401785402305
706384.0	0.10755211198339622
706387.0	0.137590914569771
706388.0	0.08646992432771497
765640.0	0.1279293360085956
765641.0	0.130125123958756
765642.0	0.11771316158724614
765643.0	0.1318668401646451
765644.0	0.18227895615926923
765646.0	0.0910862791692492
765647.0	0.053911589501008744
765648.0	0.19669293923573336
765650.0	0.2284194040553306
765651.0	0.19396652161660016
765652.0	0.2633371624080746
765653.0	0.2046083883523387
765654.0	0.21337670638332212
765655.0	0.21984847534858942
765656.0	0.18637312496900613
765658.0	0.09633203947695795
765660.0	0.18653591056364804
765662.0	0.19108773404306242
765663.0	0.14924254275690513
765664.0	0.6088772347231343
765665.0	0.41207488173578194
865027.0	0.11528881413338146
865028.0	0.14886089088262194
865029.0	1.924362861355653
865030.0	0.054284217343865425
865031.0	0.18369957683350727
865032.0	0.13714343671148965
865033.0	0.08554222913123195
865034.0	0.08610838638987839
865035.0	0.07669240771047488
865036.0	0.07406559514165346
865037.0	0.23034563457583593
865038.0	0.16395497488003477
865039.0	0.17150844224157671
865040.0	0.20496208200784075
865041.0	0.08945275389086722
865042.0	0.1417819586804645
865044.0	0.20859781955585238
865045.0	0.20170302642257973
865046.0	0.14083470475505228
865047.0	0.11447703774571126
865048.0	0.07328191323089008
865049.0	0.07638807237218134
865050.0	0.16071410454766571
865051.0	0.22156054675966075
865052.0	0.08174487511146784
865053.0	0.1347652410650266
865054.0	0.11211956176285019
865055.0	0.10987893826837583
865056.0	0.1297552465961943
865057.0	0.17450943940353048
865058.0	0.1808773707327573
865059.0	0.12397132842916356
865060.0	0.1240369366588161
865061.0	0.12487456654835054
865062.0	0.08168260812478188
865063.0	0.1024617777272574
865064.0	0.0800062628371732
865065.0	0.18386330296635703
865066.0	0.1418402654135818
865067.0	0.12761118771513263
865068.0	0.11774813966698139
865069.0	0.11632272486508242
865070.0	0.14029870586867343
865071.0	0.18719672183721756
865072.0	0.10770652309410861
865073.0	0.14943022245831733
865074.0	0.10713850891405213
865075.0	0.14823564496097524
865076.0	0.11458652772889714
865077.0	0.13973362360705838
865078.0	0.10952893620488732
865079.0	0.13546777298670068
865080.0	0.09140339342872261
865081.0	0.04224875277750959
865082.0	0.07595413273375076
865083.0	0.30658844924316236
865084.0	0.08846998669231546
865085.0	0.044121387092749466
865086.0	0.16289208959213744
865087.0	0.13199845602314783
865088.0	0.14870160775099853
865089.0	0.1460407244956173
865090.0	0.15627080297479473
865091.0	0.10987160851960336
865092.0	0.12198520927007842
865093.0	0.13342729098090428
865094.0	0.10619372018460463
865095.0	0.15262889689720477
865096.0	0.15371764737739102
865097.0	0.10442411429751505
865098.0	0.11105944076487269
865099.0	0.0843911841137936
865100.0	0.1074148026771165
865101.0	0.09716192885266135
220113.0	0.1121824187097402
220114.0	0.15380033517748562
220115.0	0.12829508246447138
220116.0	0.16260005640863065
220117.0	0.12898778212548284
220118.0	0.16692624557486388
220119.0	0.12919924476551142
220120.0	0.14326383339627882
220121.0	0.1438920281998204
220122.0	0.14189420053499582
220123.0	0.13026242218022166
220124.0	0.1421755959600586
220125.0	0.07939991929137241
220126.0	0.12287832201477691
220127.0	0.11061728369465967
220128.0	0.14756479258534413
220129.0	0.14661456921708566
220130.0	0.13301185497795823
220131.0	0.11750519645204988
220132.0	0.0583670574908715
220133.0	0.1628657687145525
220134.0	0.14769519978064902
220135.0	0.133905095910573
220136.0	0.12238100562579025
220137.0	0.1345934507138218
220138.0	0.12283295139504254
220139.0	0.14508220210002948
220140.0	0.1119212847064197
220141.0	0.11918980751907245
220142.0	0.06837242876591072
220143.0	0.1212614766339536
220144.0	0.1036779580989309
220145.0	0.08199201107985458
220146.0	0.13399909953964895
220147.0	0.09387437221304266
220148.0	0.13821725514059763
220149.0	0.09992103041234836
220150.0	0.12166173232076737
220151.0	0.14007560416648923
220153.0	0.10886799766023311
220154.0	0.13165328297011328
220155.0	0.15336419431120407
220156.0	0.11918014189636651
220157.0	0.12848669602107823
220158.0	0.09992843779791004
220159.0	0.11786979661988711
220160.0	0.08799918610369979
220161.0	0.08535528046533725
220162.0	0.10711316492484832
220163.0	0.08289961888964656
220164.0	0.10793848088162031
220165.0	0.12904717496241938
220166.0	0.1764862707488702
220167.0	0.13921133900646224
220168.0	0.15735550773654675
220169.0	0.20546313535636487
220170.0	0.12422805901015449
220171.0	0.08699988158984157
220172.0	0.12675720741320917
220173.0	0.11770496922726766
220174.0	0.12713079696199175
220175.0	0.1391675276620648
220176.0	0.09554124287383566
220177.0	0.13156805245331119
220178.0	0.12239600670649947
220179.0	0.12271727097297505
220180.0	0.1332158068162143
220181.0	0.1006764363623014
220182.0	0.11508283666674583
220183.0	0.11782112140365558
220184.0	0.15666578961014818
220185.0	0.14423586282160553
220186.0	0.13795531623387935
220187.0	0.1200731603985219
220188.0	0.1050284769346966
220189.0	0.1352498446523983
220190.0	0.09557144040844553
220191.0	0.14801639646651338
220192.0	0.1339714635773755
220193.0	0.15758942447623975
220194.0	0.10511180343235751
220195.0	0.137592660317289
220196.0	0.07717106288538955
220197.0	0.10155166337597005
220198.0	0.09086086793911968
220199.0	0.10014845471796273
220200.0	0.09904370129063099
220201.0	0.10759764565916465
220202.0	0.10272731480961604
220203.0	0.10883174935679689
220204.0	0.10706710188707125
220205.0	0.0940713697934741
220206.0	0.11520343539973889
220207.0	0.12065738435200084
220208.0	0.13804893475459346
220209.0	0.09520789034330349
220210.0	0.12489231325365825
220211.0	0.17693270559917576
220212.0	0.17871256643202513
220213.0	0.1169523948035732
158917.0	0.032499650694581286
158918.0	0.09619918938716447
158919.0	0.1904883855257594
158920.0	0.18319892526266493
158921.0	0.029959653672452763
158922.0	0.08314468435217244
158923.0	0.13095667306144526
158924.0	0.21951735851453646
158925.0	0.1079719328526889
158926.0	0.14209933739521127
158927.0	0.1480910884893527
158928.0	0.15593682668238426
158929.0	0.1455104236631972
158930.0	0.08095755294458763
158931.0	0.09437476322980283
158932.0	0.17039694490092577
158933.0	0.2100933034075619
158934.0	0.12817124041755068
158935.0	0.03585497096103259
158936.0	0.06122911573748289
158937.0	0.1153332507702463
158938.0	0.09364924501914568
158939.0	0.1209308022800104
158940.0	0.07052321411261618
158941.0	0.030293967612512008
190044.0	0.09327956929064893
190045.0	0.054512098549444
190046.0	0.16379917613802827
190047.0	0.1495717449562109
190048.0	0.08283015560888504
190049.0	0.18453651788810285
190050.0	0.10573232653652313
229425.0	0.11912038165364024
229426.0	0.045644087817531855
229427.0	0.27861299686583985
229428.0	0.06260016592450629
229429.0	0.125885788225481
229430.0	0.1248244909712756
229431.0	0.25715789526089533
229432.0	0.07273537738334325
229433.0	0.13956384853002698
229434.0	0.1344348815910374
862381.0	0.0899973326733061
862382.0	0.12557194775070604
862383.0	0.20887685712403586
862384.0	0.04258226854377348
862385.0	0.10457833474740681
862386.0	0.32585600590430475
862387.0	0.0647419723082125
862388.0	0.15719238214284853
862389.0	0.1608101404794546
862390.0	0.11398241615862169
862391.0	0.10422489813082755
862392.0	0.08128309771057461
862393.0	0.9283050212603
862394.0	0.14079172950892077
862395.0	0.12793074802631363
862396.0	0.10174557005537314
862397.0	0.14252677821353454
862398.0	0.09416612293324593
862399.0	0.07098499387858669
862400.0	0.0937430472873033
862401.0	0.13179133079994795
862402.0	0.19475744658929992
862403.0	0.12832511253507514
862404.0	0.09398995619461364
862405.0	0.13299246332100134
862406.0	0.1072628538607629
862407.0	0.09550879249292206
228893.0	0.07463895343906689
228894.0	0.07058231803762154
228895.0	0.07578206380007262
228896.0	0.15738050952624397
228897.0	0.08800981538896337
228898.0	0.1305421604299755
228899.0	0.10775692204923853
228900.0	0.1961447195578381
228902.0	0.15966512193142227
228903.0	0.15696284341097566
228904.0	0.1577583825170419
228908.0	0.10683449442050186
228909.0	0.10012753451733755
228910.0	0.11456380763970593
228914.0	0.09326721424748698
228917.0	0.2087708554862604
228918.0	0.11421149183725123
228919.0	0.06780914354827638
228920.0	0.1610129080846685
228921.0	0.09853356284556378
228924.0	0.12578172366638302
228925.0	0.11324161220352175
228927.0	0.19349884703840214
228928.0	0.11547040384504835
228929.0	0.1032599161734159
228933.0	0.14279262052466582
228934.0	0.09096120460341278
228935.0	0.10202480272464834
228936.0	0.131251049113198
228937.0	0.23501408182914013
228938.0	0.11424675767753532
228939.0	0.07779949433817883
228940.0	0.15621030548511597
228941.0	0.09125282449483038
228942.0	0.10118989074191
228943.0	0.22052669550355503
228944.0	0.18299769196152282
228947.0	0.15543778517455395
228948.0	0.16912618160899423
228949.0	0.20730299469086505
228950.0	0.22511089832515774
228951.0	0.19494106246649662
228952.0	0.21022245515519983
228955.0	0.23927681690538552
228956.0	0.2254399269967643
228957.0	0.24448412801024905
228958.0	0.20149138828649077
228959.0	0.22737467334728154
228960.0	0.25089909613072436
228961.0	0.2336799793267191
228962.0	0.26215547949773177
228963.0	0.24081293227023817
228964.0	0.1942632590707137
228966.0	0.17040995312930005
228967.0	0.22158485290201646
228969.0	0.15793853397398558
228970.0	0.1351675904981659
228971.0	0.1923724355193212
228972.0	0.19113749728720894
228973.0	0.18153930544968896
228974.0	0.22859388819415802
228975.0	0.2633070185187846
377106.0	0.15583488207132623
377107.0	0.18111444649485142
377108.0	0.07678028175365029
377109.0	0.07108676762115132
377110.0	0.14148697676101368
377111.0	0.13918528887501294
377112.0	0.1407831845423228
377113.0	0.13336814174260372
377114.0	0.18881638156374334
377115.0	0.12855211585042062
377116.0	0.2597886530227039
377117.0	0.21585965529125808
377118.0	0.2252275488791361
377119.0	0.2267635140080473
377120.0	0.22602120955680477
377121.0	0.16116028356358564
377122.0	0.1943057026120171
475002.0	0.04488932561047246
475003.0	0.11694837195011455
475004.0	0.09977718654921641
475005.0	0.055707155785638174
475006.0	0.06933994185915236
475007.0	0.08521447602630676
475009.0	0.05789366645968425
475010.0	0.04727049520223112
475011.0	0.04396262228599699
475012.0	0.10183443506607297
475013.0	0.05648735692617764
475014.0	0.1135681843792754
475015.0	0.05523708869702351
475016.0	0.0815234299438062
475017.0	0.15294831833844733
475018.0	0.18891953543666015
475019.0	0.14057839423406218
475020.0	0.13090948438525798
475021.0	0.08008234146101967
475022.0	0.12132875951402626
475023.0	0.4611402279841673
475024.0	0.09408104654083017
475025.0	0.10745005351760382
475026.0	0.23492286660505188
475028.0	0.12166692797467568
475029.0	0.7384158409400753
475030.0	0.06723418692705287
475031.0	0.08286402877451216
475033.0	0.03942741583233413
475034.0	0.0556692278142558
475035.0	0.045063612315257906
475036.0	0.11458060486764923
475037.0	0.11668441751798188
475038.0	0.10268485591590701
475039.0	0.0914991375038275
475040.0	0.05973482436968076
475041.0	0.08502876245904892
475042.0	0.06826512847145381
475043.0	0.05397091149260677
475044.0	0.13507092574172522
475045.0	0.087252014907904
475046.0	0.0834283649197854
475047.0	0.056693627917600305
475049.0	0.10652001016180458
475050.0	0.06981493622459863
475051.0	0.07630306843599152
475053.0	0.1073011198891827
475054.0	0.026289630357685258
475055.0	0.36304404720738553
475056.0	0.049805361668724915
475057.0	0.10629593645677143
475058.0	0.044047423495615794
475059.0	0.11048015341290077
475060.0	0.006711914518553604
475061.0	0.15037753848988356
475062.0	0.029947728280796514
475063.0	0.09785431784489519
475064.0	0.10811506829997758
475065.0	0.18721684961805968
475066.0	0.07857619322705493
475067.0	2.1144241961767953
475068.0	0.06818398909085657
475069.0	0.4965250105652078
475070.0	0.004486865577696851
475071.0	0.18403110354722393
475072.0	0.03115486145536106
475073.0	0.5195539661192984
475074.0	0.07246231104989084
475075.0	0.08722665481627809
475076.0	0.028282755503835234
475077.0	0.15791510946190668
475078.0	0.025831620215454154
475079.0	0.16230349973271974
475080.0	0.03183013254231728
475081.0	0.14161982084019492
475082.0	0.04689553544495298
475083.0	0.1421807047022817
475084.0	0.03715886984149632
475085.0	0.1245914880888721
475086.0	0.06742948517262076
475087.0	0.19752938646527352
475088.0	0.048047768447066326
475089.0	0.19316629326882223
475090.0	0.10448986238636246
475091.0	0.12576780149714686
475092.0	0.07375136343175999
475093.0	0.14118497906774843
475094.0	0.1226904014413591
475095.0	0.16343085656822048
475096.0	0.055718163776401604
475097.0	0.23631473031763142
475098.0	0.022566907331665904
475101.0	0.1736579837106429
475102.0	0.06366131510648142
475103.0	1.1445026207090971
